Date,Low 10,Decile 2,Decile 3,Decile 4,Decile 5,Decile 6,Decile 7,Decile 8,Decile 9,High 10
1/1/1927,0%,1%,4%,2%,0%,3%,1%,1%,-1%,1%
2/1/1927,8%,4%,8%,7%,5%,5%,5%,4%,6%,5%
3/1/1927,-6%,-5%,-2%,-2%,-2%,-2%,0%,-2%,0%,-1%
4/1/1927,3%,-1%,0%,-1%,0%,0%,1%,-1%,2%,4%
5/1/1927,1%,4%,6%,5%,7%,9%,6%,8%,7%,10%
6/1/1927,-7%,-1%,-2%,-2%,-3%,0%,-1%,-1%,-2%,-3%
7/1/1927,7%,4%,5%,6%,5%,5%,7%,4%,6%,9%
8/1/1927,-2%,3%,-1%,0%,2%,1%,2%,1%,0%,-2%
9/1/1927,-1%,4%,1%,3%,1%,4%,3%,3%,7%,3%
10/1/1927,-7%,-5%,-5%,-5%,-2%,-3%,-4%,-1%,-4%,-5%
11/1/1927,26%,9%,8%,8%,7%,9%,8%,7%,8%,8%
12/1/1927,4%,1%,2%,4%,5%,4%,2%,1%,4%,5%
1/1/1928,3%,3%,3%,8%,2%,0%,3%,0%,1%,9%
2/1/1928,0%,-3%,-5%,-1%,-1%,-1%,-3%,-4%,-3%,-6%
3/1/1928,7%,6%,8%,4%,5%,8%,6%,7%,7%,11%
4/1/1928,7%,10%,14%,13%,7%,14%,3%,4%,4%,8%
5/1/1928,13%,1%,3%,0%,3%,1%,3%,3%,4%,6%
6/1/1928,-10%,-7%,-8%,-6%,-7%,-4%,-7%,-8%,-7%,-7%
7/1/1928,-2%,0%,-1%,0%,0%,1%,2%,0%,1%,2%
8/1/1928,5%,4%,5%,2%,6%,8%,5%,8%,8%,7%
9/1/1928,5%,6%,3%,2%,3%,4%,7%,5%,6%,8%
10/1/1928,0%,-1%,2%,0%,0%,1%,1%,3%,3%,9%
11/1/1928,9%,11%,8%,10%,10%,13%,14%,9%,11%,17%
12/1/1928,-6%,-1%,1%,-1%,-1%,3%,1%,1%,0%,-1%
1/1/1929,2%,2%,2%,2%,4%,2%,5%,4%,6%,3%
2/1/1929,-4%,0%,1%,0%,-1%,1%,2%,1%,2%,4%
3/1/1929,-6%,-3%,-4%,-2%,-2%,-3%,-6%,-2%,-4%,1%
4/1/1929,-4%,2%,3%,-1%,1%,1%,3%,2%,2%,3%
5/1/1929,-15%,-13%,-7%,-9%,-5%,-8%,-7%,-8%,-10%,-13%
6/1/1929,4%,5%,4%,6%,4%,7%,8%,10%,14%,12%
7/1/1929,0%,-2%,2%,0%,3%,4%,1%,3%,3%,2%
8/1/1929,-3%,0%,0%,-1%,1%,3%,7%,6%,8%,6%
9/1/1929,-7%,-8%,-6%,-4%,-4%,-4%,-3%,-4%,-3%,-1%
10/1/1929,-25%,-25%,-24%,-23%,-16%,-18%,-18%,-21%,-23%,-32%
11/1/1929,-12%,-14%,-13%,-8%,-13%,-8%,-12%,-11%,-15%,-17%
12/1/1929,-14%,-10%,-4%,-2%,-1%,-2%,-4%,1%,2%,4%
1/1/1930,22%,19%,13%,9%,8%,7%,8%,6%,5%,5%
2/1/1930,5%,5%,4%,3%,2%,2%,3%,2%,2%,4%
3/1/1930,22%,13%,10%,8%,11%,7%,7%,7%,6%,7%
4/1/1930,-5%,-2%,-10%,-8%,-6%,-5%,-7%,-4%,0%,-3%
5/1/1930,-10%,-8%,-4%,-4%,-2%,-4%,-2%,-2%,-1%,-3%
6/1/1930,-28%,-26%,-25%,-21%,-22%,-19%,-15%,-13%,-16%,-23%
7/1/1930,5%,4%,4%,0%,6%,5%,4%,2%,2%,5%
8/1/1930,-7%,-3%,-2%,-4%,0%,-2%,0%,-2%,1%,0%
9/1/1930,-25%,-22%,-23%,-17%,-16%,-15%,-14%,-12%,-11%,-10%
10/1/1930,-11%,-15%,-13%,-15%,-11%,-9%,-6%,-9%,-8%,-8%
11/1/1930,0%,0%,-4%,-2%,-3%,-3%,-3%,-4%,-1%,-1%
12/1/1930,-29%,-21%,-19%,-16%,-17%,-12%,-14%,-9%,-7%,-6%
1/1/1931,25%,22%,16%,14%,12%,11%,10%,6%,5%,11%
2/1/1931,22%,23%,16%,17%,17%,14%,12%,10%,7%,7%
3/1/1931,-12%,-12%,-9%,-2%,-8%,-7%,-10%,-5%,-3%,2%
4/1/1931,-27%,-21%,-22%,-20%,-17%,-17%,-16%,-11%,-11%,-9%
5/1/1931,-19%,-22%,-17%,-16%,-17%,-17%,-13%,-12%,-10%,-8%
6/1/1931,24%,27%,19%,19%,21%,17%,13%,11%,10%,8%
7/1/1931,-12%,-11%,-11%,-11%,-9%,-5%,-5%,-2%,-4%,-3%
8/1/1931,1%,-4%,0%,-4%,-4%,-1%,-2%,-3%,0%,-1%
9/1/1931,-41%,-48%,-46%,-36%,-39%,-34%,-38%,-35%,-29%,-30%
10/1/1931,7%,11%,12%,12%,6%,6%,13%,6%,14%,13%
11/1/1931,-15%,-14%,-13%,-12%,-9%,-7%,-7%,-9%,-6%,-4%
12/1/1931,-32%,-29%,-27%,-23%,-22%,-22%,-17%,-13%,-17%,-8%
1/1/1932,27%,9%,8%,7%,13%,8%,2%,2%,3%,3%
2/1/1932,-2%,1%,2%,-3%,2%,4%,3%,5%,5%,3%
3/1/1932,-23%,-18%,-15%,-13%,-11%,-15%,-12%,-10%,-8%,-6%
4/1/1932,-26%,-24%,-20%,-21%,-23%,-20%,-20%,-17%,-16%,-12%
5/1/1932,-25%,-27%,-23%,-23%,-27%,-21%,-22%,-21%,-22%,-19%
6/1/1932,4%,6%,4%,7%,4%,3%,-1%,2%,7%,5%
7/1/1932,53%,56%,43%,51%,36%,33%,26%,27%,18%,12%
8/1/1932,76%,76%,56%,57%,56%,48%,39%,31%,32%,27%
9/1/1932,-11%,-3%,-9%,-8%,-8%,-1%,-7%,-8%,-5%,-2%
10/1/1932,-20%,-16%,-24%,-19%,-16%,-17%,-17%,-17%,-19%,-20%
11/1/1932,-10%,-7%,0%,-11%,-8%,-7%,-8%,-4%,-8%,-8%
12/1/1932,-11%,-6%,-6%,-4%,-4%,-3%,-3%,-2%,1%,0%
1/1/1933,2%,6%,6%,6%,3%,3%,4%,4%,5%,-3%
2/1/1933,-21%,-17%,-22%,-22%,-16%,-18%,-17%,-14%,-14%,-12%
3/1/1933,6%,10%,11%,7%,13%,13%,9%,8%,11%,11%
4/1/1933,44%,48%,43%,49%,37%,43%,39%,45%,35%,37%
5/1/1933,58%,55%,53%,52%,40%,41%,48%,45%,33%,44%
6/1/1933,27%,21%,21%,22%,16%,18%,18%,18%,24%,15%
7/1/1933,-9%,-12%,-9%,-11%,-11%,-9%,-13%,-6%,-13%,-10%
8/1/1933,5%,3%,12%,11%,13%,14%,13%,14%,12%,10%
9/1/1933,-24%,-18%,-19%,-17%,-15%,-10%,-16%,-15%,-15%,-16%
10/1/1933,-10%,-11%,-12%,-11%,-14%,-11%,-11%,-13%,-11%,-12%
11/1/1933,0%,3%,7%,10%,7%,6%,9%,10%,5%,6%
12/1/1933,-2%,-1%,3%,3%,2%,1%,4%,4%,3%,3%
1/1/1934,36%,33%,29%,27%,28%,25%,23%,24%,30%,24%
2/1/1934,0%,0%,1%,2%,1%,0%,1%,0%,0%,4%
3/1/1934,-1%,0%,3%,0%,0%,-1%,2%,2%,1%,2%
4/1/1934,1%,0%,3%,1%,0%,1%,-2%,1%,-1%,-4%
5/1/1934,-9%,-10%,-10%,-10%,-12%,-13%,-13%,-13%,-14%,-13%
6/1/1934,-2%,0%,0%,1%,1%,1%,2%,3%,-2%,0%
7/1/1934,-25%,-26%,-25%,-23%,-22%,-20%,-22%,-13%,-14%,-20%
8/1/1934,7%,11%,12%,9%,8%,9%,9%,8%,11%,11%
9/1/1934,-2%,-3%,-2%,-1%,-2%,0%,-1%,1%,-1%,-1%
10/1/1934,-6%,-7%,-5%,-4%,-4%,-1%,0%,2%,2%,2%
11/1/1934,12%,11%,11%,13%,10%,13%,13%,15%,14%,13%
12/1/1934,2%,-4%,1%,1%,1%,1%,1%,2%,4%,6%
1/1/1935,-4%,-4%,-5%,-2%,-2%,-5%,-3%,-3%,-3%,-2%
2/1/1935,-21%,-13%,-12%,-7%,-8%,-2%,-1%,0%,1%,1%
3/1/1935,-12%,-11%,-8%,-10%,-6%,-9%,-7%,-4%,-5%,-5%
4/1/1935,9%,17%,9%,10%,12%,10%,6%,7%,8%,6%
5/1/1935,5%,1%,4%,2%,4%,2%,1%,0%,2%,3%
6/1/1935,-2%,2%,3%,3%,6%,6%,5%,6%,6%,7%
7/1/1935,13%,14%,14%,11%,9%,5%,11%,8%,8%,9%
8/1/1935,23%,15%,12%,5%,4%,4%,4%,4%,3%,6%
9/1/1935,-10%,1%,1%,2%,3%,5%,2%,4%,6%,9%
10/1/1935,8%,10%,5%,8%,8%,7%,9%,9%,9%,11%
11/1/1935,35%,22%,13%,9%,14%,8%,6%,9%,9%,10%
12/1/1935,-1%,3%,7%,5%,5%,4%,9%,6%,8%,10%
1/1/1936,22%,15%,16%,11%,12%,10%,14%,14%,16%,11%
2/1/1936,1%,2%,2%,3%,6%,7%,6%,8%,5%,3%
3/1/1936,0%,-1%,2%,0%,-1%,1%,1%,0%,3%,4%
4/1/1936,-6%,-4%,-12%,-13%,-14%,-15%,-18%,-15%,-17%,-21%
5/1/1936,2%,3%,5%,4%,4%,5%,7%,6%,6%,8%
6/1/1936,-1%,1%,0%,0%,1%,1%,0%,-1%,2%,-3%
7/1/1936,3%,5%,6%,10%,8%,7%,10%,8%,10%,10%
8/1/1936,1%,0%,3%,3%,4%,3%,0%,4%,4%,0%
9/1/1936,6%,1%,3%,3%,3%,5%,1%,4%,3%,4%
10/1/1936,6%,5%,5%,7%,4%,7%,9%,7%,6%,7%
11/1/1936,8%,10%,6%,9%,8%,7%,10%,10%,10%,8%
12/1/1936,1%,1%,2%,7%,1%,2%,2%,1%,6%,2%
1/1/1937,7%,9%,6%,9%,7%,10%,5%,7%,7%,9%
2/1/1937,1%,2%,1%,4%,2%,2%,2%,1%,3%,7%
3/1/1937,-4%,1%,1%,-1%,-1%,0%,1%,1%,0%,2%
4/1/1937,-13%,-11%,-9%,-8%,-10%,-9%,-9%,-11%,-12%,-16%
5/1/1937,-5%,-2%,-3%,0%,-3%,-3%,-2%,-2%,-1%,-2%
6/1/1937,-11%,-8%,-7%,-7%,-6%,-7%,-7%,-8%,-7%,-11%
7/1/1937,14%,9%,9%,9%,9%,9%,9%,9%,9%,11%
8/1/1937,-8%,-5%,-6%,-5%,-5%,-3%,-4%,-6%,-7%,-6%
9/1/1937,-24%,-20%,-17%,-17%,-19%,-20%,-22%,-23%,-26%,-30%
10/1/1937,-9%,-10%,-9%,-12%,-11%,-10%,-10%,-11%,-12%,-13%
11/1/1937,-14%,-12%,-11%,-11%,-11%,-10%,-11%,-10%,-11%,-13%
12/1/1937,-20%,-12%,-12%,-16%,-9%,-9%,-8%,-8%,-9%,-8%
1/1/1938,10%,7%,3%,5%,1%,4%,3%,3%,3%,1%
2/1/1938,6%,6%,4%,9%,7%,7%,7%,5%,6%,4%
3/1/1938,-49%,-42%,-40%,-38%,-39%,-34%,-32%,-29%,-24%,-19%
4/1/1938,21%,26%,22%,22%,20%,17%,16%,17%,13%,13%
5/1/1938,-9%,-11%,-11%,-9%,-10%,-8%,-6%,-6%,-4%,0%
6/1/1938,31%,35%,32%,32%,33%,30%,26%,23%,16%,10%
7/1/1938,20%,11%,14%,12%,12%,11%,10%,10%,7%,6%
8/1/1938,-13%,-9%,-8%,-9%,-8%,-6%,-6%,-4%,-4%,-1%
9/1/1938,-4%,-3%,-3%,-1%,-2%,-2%,-1%,0%,0%,0%
10/1/1938,17%,16%,17%,16%,12%,13%,10%,9%,10%,12%
11/1/1938,-15%,-2%,-6%,-6%,-5%,-2%,-1%,-2%,-2%,1%
12/1/1938,2%,2%,1%,3%,3%,3%,5%,4%,5%,6%
1/1/1939,-5%,-8%,-7%,-7%,-8%,-7%,-9%,-8%,-10%,-10%
2/1/1939,2%,3%,4%,4%,4%,4%,5%,5%,5%,7%
3/1/1939,-20%,-19%,-18%,-17%,-19%,-21%,-18%,-17%,-21%,-23%
4/1/1939,-3%,-1%,-2%,1%,1%,-1%,1%,0%,1%,4%
5/1/1939,6%,6%,8%,8%,7%,9%,8%,8%,10%,12%
6/1/1939,-9%,-9%,-12%,-8%,-8%,-8%,-9%,-7%,-8%,-9%
7/1/1939,12%,14%,13%,15%,13%,13%,11%,12%,10%,15%
8/1/1939,-13%,-14%,-12%,-13%,-13%,-12%,-10%,-10%,-7%,-8%
9/1/1939,72%,47%,43%,38%,29%,25%,24%,16%,18%,14%
10/1/1939,-9%,-2%,-3%,-3%,-1%,0%,1%,2%,2%,4%
11/1/1939,-8%,-11%,-7%,-8%,-9%,-8%,-8%,-11%,-8%,-10%
12/1/1939,-2%,0%,-1%,2%,2%,2%,2%,3%,3%,5%
1/1/1940,-1%,-4%,-2%,-3%,-5%,-1%,0%,-1%,-2%,-1%
2/1/1940,1%,2%,3%,4%,2%,3%,3%,3%,3%,6%
3/1/1940,3%,2%,3%,3%,2%,3%,2%,3%,2%,4%
4/1/1940,-7%,1%,-1%,2%,0%,1%,1%,2%,5%,8%
5/1/1940,-30%,-35%,-33%,-31%,-29%,-30%,-29%,-30%,-32%,-36%
6/1/1940,8%,8%,6%,7%,5%,7%,6%,6%,6%,6%
7/1/1940,2%,4%,4%,4%,3%,3%,3%,4%,5%,5%
8/1/1940,2%,3%,3%,2%,3%,3%,1%,2%,2%,1%
9/1/1940,3%,4%,4%,4%,4%,4%,4%,4%,4%,3%
10/1/1940,2%,9%,8%,7%,5%,4%,3%,4%,2%,5%
11/1/1940,-4%,-2%,2%,1%,0%,0%,-1%,0%,1%,1%
12/1/1940,-11%,-5%,-2%,-1%,-2%,-1%,0%,0%,0%,3%
1/1/1941,16%,0%,1%,-2%,-2%,-4%,-4%,-4%,-3%,-4%
2/1/1941,-2%,-3%,-2%,-2%,-2%,-1%,-1%,-4%,-1%,-2%
3/1/1941,0%,2%,1%,1%,1%,0%,1%,2%,2%,1%
4/1/1941,-10%,-8%,-7%,-7%,-6%,-5%,-6%,-2%,-4%,-5%
5/1/1941,-1%,0%,1%,1%,2%,1%,1%,2%,2%,2%
6/1/1941,7%,7%,6%,6%,6%,6%,6%,6%,7%,8%
7/1/1941,22%,14%,13%,12%,9%,10%,9%,10%,9%,12%
8/1/1941,-2%,-4%,-1%,-1%,-1%,0%,2%,0%,0%,-1%
9/1/1941,-4%,-1%,0%,-3%,-1%,-3%,-2%,-2%,-2%,-3%
10/1/1941,-14%,-7%,-6%,-8%,-6%,-7%,-4%,-5%,-4%,-3%
11/1/1941,-11%,-4%,-5%,-4%,-4%,-3%,-1%,-1%,-1%,-1%
12/1/1941,-17%,-10%,-7%,-7%,-5%,-7%,-7%,-7%,-8%,-10%
1/1/1942,27%,18%,8%,10%,8%,7%,6%,7%,11%,17%
2/1/1942,1%,0%,-2%,-3%,-1%,-3%,-1%,-2%,-1%,-2%
3/1/1942,-5%,-3%,-6%,-6%,-5%,-7%,-4%,-4%,-7%,-7%
4/1/1942,-3%,-5%,-4%,-5%,-6%,-6%,-6%,-5%,-6%,-2%
5/1/1942,6%,5%,4%,5%,2%,2%,1%,0%,2%,0%
6/1/1942,2%,4%,3%,2%,3%,3%,3%,1%,2%,1%
7/1/1942,4%,4%,5%,4%,3%,6%,5%,4%,4%,7%
8/1/1942,3%,3%,3%,3%,2%,3%,2%,3%,2%,4%
9/1/1942,10%,4%,4%,3%,3%,4%,4%,3%,4%,9%
10/1/1942,19%,13%,10%,9%,8%,8%,7%,8%,7%,7%
11/1/1942,-3%,-1%,-2%,0%,-2%,-1%,0%,0%,-3%,-5%
12/1/1942,2%,4%,2%,2%,3%,4%,6%,5%,3%,4%
1/1/1943,15%,13%,12%,10%,14%,13%,13%,15%,21%,26%
2/1/1943,28%,11%,10%,16%,9%,14%,9%,8%,9%,10%
3/1/1943,11%,9%,9%,10%,9%,8%,11%,13%,14%,13%
4/1/1943,0%,0%,0%,2%,2%,1%,6%,6%,6%,11%
5/1/1943,4%,6%,6%,6%,5%,8%,8%,10%,11%,15%
6/1/1943,1%,1%,2%,3%,1%,2%,2%,2%,0%,-3%
7/1/1943,-3%,-4%,-5%,-5%,-6%,-6%,-7%,-7%,-11%,-13%
8/1/1943,-1%,1%,0%,0%,0%,2%,1%,1%,1%,-2%
9/1/1943,1%,3%,3%,3%,3%,4%,5%,4%,5%,5%
10/1/1943,1%,-1%,-1%,0%,-1%,0%,-1%,0%,1%,-2%
11/1/1943,-11%,-8%,-6%,-8%,-8%,-7%,-7%,-11%,-12%,-16%
12/1/1943,7%,8%,7%,7%,9%,8%,10%,13%,12%,13%
1/1/1944,4%,3%,4%,4%,4%,3%,5%,6%,4%,7%
2/1/1944,1%,1%,1%,2%,2%,1%,1%,1%,3%,3%
3/1/1944,4%,3%,3%,3%,3%,4%,3%,4%,8%,6%
4/1/1944,-5%,-4%,-3%,-3%,-3%,-2%,-2%,-3%,-3%,-3%
5/1/1944,4%,6%,6%,6%,5%,7%,7%,7%,8%,7%
6/1/1944,19%,15%,9%,9%,9%,9%,6%,7%,8%,5%
7/1/1944,-4%,1%,-2%,-1%,-1%,-1%,-1%,-1%,-1%,-2%
8/1/1944,1%,1%,2%,3%,2%,2%,3%,5%,5%,7%
9/1/1944,1%,0%,1%,0%,-1%,0%,1%,0%,0%,-1%
10/1/1944,0%,0%,1%,0%,1%,2%,-1%,0%,-1%,-1%
11/1/1944,2%,2%,2%,1%,3%,3%,2%,3%,3%,3%
12/1/1944,6%,4%,6%,5%,6%,7%,7%,7%,10%,8%
1/1/1945,4%,4%,4%,4%,3%,4%,3%,4%,6%,8%
2/1/1945,8%,6%,6%,7%,8%,9%,8%,10%,9%,11%
3/1/1945,-4%,-3%,-5%,-5%,-7%,-5%,-6%,-6%,-8%,-10%
4/1/1945,7%,7%,7%,7%,9%,9%,9%,9%,10%,12%
5/1/1945,4%,3%,2%,3%,1%,3%,3%,3%,5%,3%
6/1/1945,2%,2%,2%,1%,3%,2%,3%,5%,7%,8%
7/1/1945,-4%,-2%,-3%,-2%,-3%,-3%,-3%,-4%,-5%,-6%
8/1/1945,6%,7%,6%,8%,7%,8%,8%,7%,5%,3%
9/1/1945,6%,6%,5%,7%,6%,6%,6%,7%,7%,5%
10/1/1945,7%,5%,6%,7%,7%,7%,5%,6%,6%,6%
11/1/1945,8%,6%,7%,9%,7%,9%,10%,11%,13%,9%
12/1/1945,1%,2%,1%,3%,1%,4%,2%,3%,2%,4%
1/1/1946,7%,5%,8%,8%,10%,11%,10%,8%,10%,14%
2/1/1946,-5%,-7%,-6%,-7%,-6%,-7%,-9%,-7%,-7%,-8%
3/1/1946,5%,5%,5%,5%,5%,6%,7%,8%,6%,5%
4/1/1946,3%,3%,3%,5%,6%,6%,5%,6%,7%,7%
5/1/1946,6%,6%,4%,7%,6%,6%,6%,6%,5%,3%
6/1/1946,-4%,-3%,-5%,-3%,-6%,-5%,-6%,-6%,-6%,-7%
7/1/1946,-6%,-4%,-4%,-4%,-5%,-4%,-5%,-4%,-4%,-4%
8/1/1946,-9%,-7%,-8%,-6%,-7%,-7%,-8%,-8%,-8%,-9%
9/1/1946,-19%,-15%,-15%,-14%,-13%,-14%,-13%,-14%,-13%,-15%
10/1/1946,-2%,-2%,-2%,-2%,0%,-1%,-1%,0%,-1%,-2%
11/1/1946,-3%,-2%,1%,0%,0%,1%,1%,0%,-1%,-1%
12/1/1946,2%,3%,7%,5%,5%,5%,5%,3%,5%,7%
1/1/1947,8%,7%,5%,5%,2%,3%,1%,1%,-1%,0%
2/1/1947,0%,-1%,-2%,0%,-1%,0%,0%,-1%,-1%,-1%
3/1/1947,-7%,-4%,-4%,-3%,-3%,-2%,-2%,-1%,-2%,-1%
4/1/1947,-16%,-11%,-10%,-9%,-8%,-7%,-7%,-5%,-7%,-7%
5/1/1947,-8%,-6%,-5%,-4%,-2%,-3%,-3%,-3%,-2%,-2%
6/1/1947,8%,6%,5%,7%,5%,6%,6%,5%,5%,5%
7/1/1947,8%,8%,7%,6%,6%,5%,5%,5%,5%,6%
8/1/1947,-4%,-3%,-3%,-1%,-2%,-2%,-1%,0%,-1%,-1%
9/1/1947,2%,-1%,0%,1%,1%,0%,1%,0%,1%,3%
10/1/1947,3%,4%,4%,4%,2%,4%,2%,3%,3%,4%
11/1/1947,-7%,-5%,-5%,-4%,-3%,-3%,-2%,-1%,-1%,0%
12/1/1947,-1%,1%,0%,3%,2%,1%,3%,3%,5%,6%
1/1/1948,3%,0%,1%,0%,-3%,-3%,-3%,-3%,-4%,-4%
2/1/1948,-10%,-7%,-7%,-6%,-5%,-5%,-5%,-6%,-6%,-6%
3/1/1948,12%,9%,7%,9%,8%,7%,8%,9%,9%,12%
4/1/1948,0%,2%,4%,3%,5%,2%,4%,5%,5%,7%
5/1/1948,10%,9%,6%,8%,9%,7%,7%,9%,10%,8%
6/1/1948,-6%,-3%,-3%,-2%,-1%,-1%,-1%,0%,0%,4%
7/1/1948,-5%,-6%,-4%,-4%,-5%,-6%,-6%,-5%,-7%,-5%
8/1/1948,-2%,-1%,0%,0%,0%,-1%,0%,0%,0%,0%
9/1/1948,-8%,-4%,-3%,-3%,-3%,-4%,-4%,-4%,-5%,-6%
10/1/1948,4%,5%,5%,4%,4%,5%,6%,6%,5%,7%
11/1/1948,-17%,-12%,-11%,-9%,-9%,-10%,-10%,-11%,-11%,-14%
12/1/1948,-3%,0%,-1%,0%,1%,1%,2%,3%,4%,4%
1/1/1949,6%,3%,2%,3%,2%,1%,1%,1%,1%,0%
2/1/1949,-6%,-4%,-5%,-4%,-3%,-5%,-3%,-4%,-4%,-4%
3/1/1949,7%,7%,7%,5%,6%,4%,5%,5%,5%,7%
4/1/1949,-6%,-5%,-4%,-4%,-3%,-3%,-3%,-2%,-1%,-1%
5/1/1949,-9%,-7%,-5%,-5%,-4%,-3%,-2%,-4%,-2%,-3%
6/1/1949,0%,-1%,0%,-1%,-2%,-2%,-1%,0%,-1%,0%
7/1/1949,7%,7%,6%,7%,6%,6%,6%,5%,5%,6%
8/1/1949,2%,3%,1%,2%,3%,3%,3%,2%,3%,2%
9/1/1949,7%,5%,4%,4%,3%,3%,4%,3%,4%,5%
10/1/1949,7%,3%,4%,4%,3%,4%,4%,3%,3%,4%
11/1/1949,-4%,1%,1%,1%,0%,1%,2%,1%,3%,2%
12/1/1949,9%,9%,7%,8%,5%,6%,6%,6%,7%,6%
1/1/1950,7%,6%,5%,4%,2%,3%,2%,3%,3%,4%
2/1/1950,0%,2%,2%,0%,1%,2%,1%,2%,4%,3%
3/1/1950,-2%,-1%,0%,0%,-1%,0%,0%,1%,0%,2%
4/1/1950,7%,7%,4%,4%,5%,5%,3%,4%,4%,4%
5/1/1950,4%,4%,2%,2%,4%,3%,4%,3%,3%,3%
6/1/1950,-7%,-6%,-8%,-6%,-7%,-8%,-8%,-9%,-10%,-9%
7/1/1950,6%,6%,3%,5%,6%,5%,6%,7%,6%,2%
8/1/1950,4%,4%,5%,5%,4%,4%,5%,6%,6%,7%
9/1/1950,7%,5%,6%,5%,4%,5%,5%,5%,5%,5%
10/1/1950,-1%,-2%,0%,0%,-1%,-1%,0%,0%,0%,0%
11/1/1950,0%,0%,1%,3%,3%,6%,3%,5%,4%,6%
12/1/1950,6%,5%,6%,7%,9%,8%,9%,10%,10%,12%
1/1/1951,8%,7%,7%,6%,7%,7%,8%,7%,8%,8%
2/1/1951,2%,2%,2%,1%,1%,1%,0%,0%,1%,1%
3/1/1951,-1%,-3%,-2%,-3%,-3%,-4%,-4%,-5%,-5%,-6%
4/1/1951,1%,1%,2%,3%,3%,4%,6%,6%,6%,7%
5/1/1951,-3%,-2%,-2%,-3%,-3%,-2%,-3%,-2%,-3%,-4%
6/1/1951,-4%,-3%,-3%,-4%,-4%,-4%,-6%,-5%,-6%,-8%
7/1/1951,2%,4%,4%,4%,5%,5%,7%,9%,10%,10%
8/1/1951,6%,4%,4%,3%,4%,5%,5%,5%,5%,4%
9/1/1951,1%,2%,2%,3%,2%,2%,3%,4%,2%,2%
10/1/1951,-2%,-2%,-1%,-2%,-2%,-4%,-3%,-3%,-2%,-3%
11/1/1951,0%,0%,0%,1%,1%,1%,1%,1%,1%,1%
12/1/1951,1%,1%,1%,1%,1%,2%,2%,2%,3%,2%
1/1/1952,1%,1%,1%,2%,2%,2%,1%,3%,2%,2%
2/1/1952,-3%,-2%,-2%,-1%,-2%,-1%,-2%,-2%,-3%,-4%
3/1/1952,2%,2%,2%,3%,2%,3%,3%,3%,4%,5%
4/1/1952,-6%,-3%,-4%,-4%,-3%,-4%,-4%,-4%,-6%,-8%
5/1/1952,2%,1%,2%,2%,2%,3%,3%,3%,3%,3%
6/1/1952,2%,3%,2%,4%,3%,2%,3%,3%,3%,4%
7/1/1952,0%,0%,2%,1%,2%,2%,1%,1%,1%,1%
8/1/1952,0%,0%,0%,1%,0%,0%,1%,0%,0%,0%
9/1/1952,-3%,-2%,-2%,-2%,-2%,-1%,0%,-1%,0%,-1%
10/1/1952,-3%,-3%,-2%,-1%,-2%,-1%,-1%,0%,-1%,1%
11/1/1952,5%,6%,4%,5%,5%,5%,6%,6%,6%,6%
12/1/1952,1%,1%,1%,2%,3%,3%,3%,4%,2%,3%
1/1/1953,4%,2%,2%,2%,2%,3%,2%,3%,1%,2%
2/1/1953,2%,1%,1%,0%,1%,1%,1%,2%,1%,2%
3/1/1953,-1%,-2%,-1%,0%,0%,-1%,-2%,-1%,-1%,-3%
4/1/1953,-4%,-3%,-2%,-2%,-2%,-2%,-2%,-2%,-2%,-2%
5/1/1953,0%,0%,0%,1%,1%,1%,1%,1%,1%,2%
6/1/1953,-5%,-2%,-3%,-3%,-4%,-3%,-2%,-3%,-3%,-3%
7/1/1953,1%,2%,2%,2%,2%,2%,2%,2%,1%,2%
8/1/1953,-7%,-7%,-6%,-5%,-4%,-5%,-4%,-4%,-4%,-5%
9/1/1953,-4%,-3%,-1%,-1%,-1%,0%,-1%,0%,1%,0%
10/1/1953,2%,4%,4%,3%,4%,4%,4%,4%,4%,5%
11/1/1953,1%,1%,1%,1%,3%,2%,3%,3%,3%,3%
12/1/1953,-8%,-4%,-4%,-2%,-1%,-1%,0%,1%,1%,2%
1/1/1954,12%,10%,9%,7%,7%,6%,5%,4%,4%,4%
2/1/1954,0%,0%,2%,1%,1%,1%,2%,2%,2%,2%
3/1/1954,2%,3%,1%,1%,2%,3%,3%,3%,4%,6%
4/1/1954,-3%,-1%,0%,1%,1%,3%,3%,2%,4%,4%
5/1/1954,6%,5%,6%,4%,4%,3%,4%,4%,3%,4%
6/1/1954,0%,-1%,0%,1%,1%,3%,1%,1%,2%,3%
7/1/1954,9%,8%,7%,6%,7%,6%,6%,8%,6%,8%
8/1/1954,0%,0%,-1%,-1%,-1%,0%,-2%,-2%,-2%,-1%
9/1/1954,4%,4%,3%,4%,4%,4%,5%,5%,5%,6%
10/1/1954,-2%,-1%,-1%,-1%,-1%,-1%,-1%,0%,1%,0%
11/1/1954,9%,8%,8%,7%,7%,8%,10%,10%,10%,10%
12/1/1954,12%,10%,7%,8%,7%,8%,8%,8%,8%,8%
1/1/1955,1%,0%,1%,1%,1%,1%,2%,0%,2%,4%
2/1/1955,4%,3%,3%,3%,3%,4%,5%,6%,5%,5%
3/1/1955,-1%,0%,0%,0%,0%,0%,0%,-1%,2%,1%
4/1/1955,2%,2%,2%,2%,2%,3%,3%,2%,2%,2%
5/1/1955,0%,1%,1%,1%,1%,0%,1%,0%,0%,1%
6/1/1955,2%,3%,2%,3%,3%,4%,5%,4%,4%,5%
7/1/1955,1%,1%,1%,0%,2%,0%,1%,0%,2%,-1%
8/1/1955,-1%,0%,0%,0%,0%,1%,1%,1%,1%,2%
9/1/1955,-1%,0%,-1%,-1%,-2%,-1%,-2%,0%,-1%,1%
10/1/1955,-2%,-2%,-2%,-2%,-1%,0%,-1%,-2%,-2%,-3%
11/1/1955,5%,4%,3%,4%,5%,5%,5%,6%,7%,8%
12/1/1955,2%,3%,2%,2%,2%,2%,1%,3%,2%,2%
1/1/1956,-1%,-2%,-1%,-1%,-2%,-2%,-3%,-2%,-2%,-4%
2/1/1956,3%,3%,2%,3%,3%,3%,3%,3%,5%,5%
3/1/1956,1%,4%,4%,5%,5%,5%,6%,6%,7%,7%
4/1/1956,0%,0%,0%,-1%,0%,0%,1%,1%,2%,3%
5/1/1956,-5%,-4%,-3%,-4%,-3%,-4%,-4%,-6%,-6%,-4%
6/1/1956,0%,1%,2%,1%,2%,2%,2%,4%,4%,5%
7/1/1956,1%,3%,3%,3%,4%,5%,4%,5%,5%,6%
8/1/1956,-2%,-2%,-2%,-2%,-1%,0%,-2%,-2%,-3%,-2%
9/1/1956,-5%,-3%,-3%,-3%,-2%,-3%,-4%,-4%,-5%,-4%
10/1/1956,-1%,-1%,-1%,1%,1%,1%,1%,1%,2%,3%
11/1/1956,-2%,0%,-1%,0%,0%,1%,1%,2%,2%,3%
12/1/1956,0%,0%,0%,2%,1%,2%,2%,4%,4%,6%
1/1/1957,4%,2%,1%,0%,1%,1%,-1%,-1%,-3%,-1%
2/1/1957,-4%,-3%,-1%,-1%,-1%,-2%,-2%,-3%,-2%,-3%
3/1/1957,1%,1%,3%,2%,3%,3%,2%,2%,2%,3%
4/1/1957,2%,2%,2%,3%,2%,1%,3%,2%,3%,4%
5/1/1957,2%,3%,1%,2%,2%,2%,2%,1%,3%,3%
6/1/1957,0%,-1%,-1%,-1%,-1%,-1%,-1%,0%,-1%,1%
7/1/1957,-1%,1%,1%,1%,1%,1%,1%,1%,-1%,-1%
8/1/1957,-8%,-6%,-5%,-4%,-4%,-2%,-4%,-5%,-6%,-6%
9/1/1957,-8%,-7%,-5%,-5%,-5%,-5%,-4%,-4%,-5%,-7%
10/1/1957,-12%,-8%,-7%,-6%,-5%,-5%,-5%,-5%,-6%,-7%
11/1/1957,3%,0%,0%,1%,1%,2%,2%,3%,4%,4%
12/1/1957,-12%,-9%,-8%,-8%,-4%,-4%,-1%,-1%,-2%,-1%
1/1/1958,19%,14%,12%,11%,11%,8%,7%,7%,6%,5%
2/1/1958,-5%,-3%,-3%,-2%,-1%,-1%,0%,0%,1%,2%
3/1/1958,4%,5%,5%,2%,3%,3%,3%,3%,3%,5%
4/1/1958,4%,3%,2%,2%,2%,4%,2%,3%,4%,5%
5/1/1958,5%,4%,4%,3%,4%,4%,3%,3%,3%,3%
6/1/1958,7%,3%,3%,4%,3%,2%,2%,3%,2%,3%
7/1/1958,9%,8%,6%,6%,6%,5%,4%,3%,3%,3%
8/1/1958,2%,3%,3%,3%,3%,4%,4%,2%,2%,4%
9/1/1958,8%,5%,5%,6%,5%,4%,4%,4%,5%,5%
10/1/1958,2%,1%,2%,1%,4%,3%,4%,4%,5%,7%
11/1/1958,3%,4%,4%,4%,3%,4%,4%,4%,5%,7%
12/1/1958,4%,5%,5%,3%,4%,3%,4%,3%,3%,4%
1/1/1959,3%,4%,4%,4%,5%,6%,4%,4%,3%,4%
2/1/1959,2%,1%,1%,1%,3%,2%,4%,4%,4%,5%
3/1/1959,0%,1%,1%,1%,1%,1%,2%,2%,1%,3%
4/1/1959,0%,1%,1%,1%,1%,2%,4%,5%,4%,5%
5/1/1959,0%,0%,1%,0%,2%,1%,2%,1%,1%,1%
6/1/1959,-2%,-1%,0%,0%,0%,-1%,1%,2%,3%,2%
7/1/1959,3%,3%,2%,3%,2%,2%,3%,4%,5%,2%
8/1/1959,-3%,-1%,0%,0%,0%,-1%,-2%,-2%,-2%,-3%
9/1/1959,-4%,-6%,-5%,-4%,-4%,-4%,-5%,-5%,-4%,-4%
10/1/1959,-1%,0%,2%,1%,1%,1%,2%,3%,5%,6%
11/1/1959,1%,1%,0%,1%,1%,1%,3%,1%,2%,4%
12/1/1959,1%,3%,1%,2%,3%,2%,2%,3%,2%,2%
1/1/1960,-2%,-3%,-3%,-3%,-3%,-2%,-5%,-6%,-6%,-7%
2/1/1960,-2%,0%,0%,1%,1%,1%,1%,1%,2%,4%
3/1/1960,-6%,-2%,-2%,-3%,-3%,-1%,-2%,-2%,-1%,-3%
4/1/1960,-4%,-4%,-3%,-2%,-1%,-1%,-2%,-1%,-2%,1%
5/1/1960,1%,0%,1%,1%,2%,1%,3%,3%,4%,7%
6/1/1960,0%,3%,0%,2%,3%,1%,2%,3%,3%,4%
7/1/1960,-3%,0%,-2%,-1%,-1%,-1%,-2%,-2%,-2%,-4%
8/1/1960,4%,2%,5%,4%,2%,3%,3%,4%,5%,5%
9/1/1960,-9%,-8%,-6%,-6%,-5%,-6%,-4%,-5%,-5%,-7%
10/1/1960,-5%,-3%,-3%,-2%,-2%,-1%,-1%,-1%,-1%,-4%
11/1/1960,3%,4%,3%,3%,4%,4%,5%,6%,5%,8%
12/1/1960,4%,3%,3%,4%,4%,3%,4%,4%,4%,4%
1/1/1961,12%,12%,9%,8%,8%,6%,7%,6%,6%,4%
2/1/1961,8%,5%,5%,5%,5%,5%,5%,5%,5%,8%
3/1/1961,5%,3%,4%,4%,5%,4%,4%,5%,6%,8%
4/1/1961,-2%,0%,-1%,0%,1%,1%,1%,2%,2%,2%
5/1/1961,6%,4%,5%,5%,3%,4%,4%,4%,4%,2%
6/1/1961,-6%,-5%,-4%,-4%,-4%,-2%,-4%,-4%,-4%,-5%
7/1/1961,-1%,1%,2%,1%,2%,2%,2%,1%,1%,2%
8/1/1961,2%,1%,1%,2%,2%,2%,3%,2%,3%,4%
9/1/1961,-5%,-4%,-4%,-3%,-2%,-2%,-2%,-3%,-3%,-3%
10/1/1961,0%,0%,2%,2%,3%,2%,3%,2%,3%,6%
11/1/1961,5%,3%,3%,4%,4%,4%,4%,5%,6%,7%
12/1/1961,1%,1%,0%,0%,1%,-1%,-1%,-2%,-1%,-2%
1/1/1962,1%,1%,0%,1%,0%,0%,-1%,-2%,-2%,-4%
2/1/1962,1%,1%,2%,2%,2%,3%,2%,1%,1%,1%
3/1/1962,-3%,-1%,-1%,-1%,0%,-1%,1%,1%,-1%,0%
4/1/1962,-9%,-9%,-8%,-7%,-7%,-6%,-5%,-6%,-7%,-6%
5/1/1962,-14%,-10%,-10%,-9%,-10%,-7%,-10%,-10%,-11%,-12%
6/1/1962,-15%,-13%,-11%,-10%,-8%,-7%,-7%,-7%,-6%,-5%
7/1/1962,9%,6%,4%,5%,4%,7%,6%,6%,7%,6%
8/1/1962,5%,3%,2%,3%,2%,2%,3%,2%,2%,3%
9/1/1962,-10%,-8%,-8%,-6%,-6%,-6%,-4%,-5%,-3%,-5%
10/1/1962,-5%,-2%,-3%,-3%,-1%,0%,-1%,-1%,-2%,-3%
11/1/1962,20%,17%,15%,13%,13%,11%,10%,10%,10%,10%
12/1/1962,-5%,-5%,-3%,-1%,-1%,0%,1%,1%,2%,2%
1/1/1963,10%,9%,9%,7%,8%,7%,6%,6%,6%,7%
2/1/1963,-4%,-3%,-2%,-2%,-2%,-1%,0%,0%,0%,0%
3/1/1963,0%,1%,2%,1%,3%,2%,3%,2%,2%,3%
4/1/1963,3%,4%,4%,4%,3%,4%,4%,5%,4%,4%
5/1/1963,3%,3%,3%,3%,2%,3%,3%,3%,3%,4%
6/1/1963,-2%,-2%,-2%,-2%,-2%,-1%,-2%,-1%,-1%,-2%
7/1/1963,-2%,-1%,-2%,-1%,-1%,0%,-1%,-1%,0%,-1%
8/1/1963,3%,3%,4%,3%,5%,4%,4%,5%,5%,8%
9/1/1963,-2%,0%,-1%,0%,-1%,-1%,-1%,-2%,-2%,-1%
10/1/1963,1%,0%,0%,0%,1%,3%,1%,2%,3%,4%
11/1/1963,-4%,-1%,-1%,-1%,-1%,-1%,-1%,-1%,-1%,-2%
12/1/1963,-4%,-2%,-1%,1%,1%,0%,2%,2%,1%,0%
1/1/1964,5%,3%,4%,2%,2%,3%,3%,4%,2%,4%
2/1/1964,3%,3%,2%,2%,2%,2%,2%,2%,3%,3%
3/1/1964,1%,3%,4%,3%,3%,3%,3%,3%,3%,3%
4/1/1964,1%,-1%,1%,0%,1%,1%,-1%,0%,0%,0%
5/1/1964,-2%,0%,1%,1%,0%,1%,2%,1%,1%,2%
6/1/1964,0%,1%,1%,1%,1%,2%,2%,1%,1%,1%
7/1/1964,3%,2%,3%,3%,4%,3%,3%,3%,3%,2%
8/1/1964,-1%,0%,0%,0%,-1%,-1%,0%,-1%,-1%,-1%
9/1/1964,4%,2%,6%,4%,3%,2%,4%,4%,4%,5%
10/1/1964,0%,1%,2%,1%,3%,1%,3%,3%,3%,3%
11/1/1964,-3%,0%,1%,1%,2%,0%,1%,0%,0%,0%
12/1/1964,-3%,-1%,-1%,-1%,-1%,-1%,-1%,-1%,-1%,-2%
1/1/1965,11%,7%,6%,5%,6%,6%,6%,6%,6%,8%
2/1/1965,4%,3%,3%,2%,3%,3%,3%,3%,4%,4%
3/1/1965,2%,3%,1%,1%,0%,0%,1%,2%,1%,2%
4/1/1965,3%,3%,4%,4%,3%,4%,4%,5%,5%,5%
5/1/1965,-2%,-1%,-1%,-1%,-1%,0%,0%,0%,-1%,1%
6/1/1965,-10%,-7%,-6%,-7%,-6%,-8%,-9%,-9%,-10%,-12%
7/1/1965,1%,1%,2%,2%,3%,2%,3%,4%,5%,5%
8/1/1965,4%,4%,4%,3%,3%,3%,4%,5%,5%,6%
9/1/1965,1%,1%,2%,3%,2%,2%,4%,4%,5%,4%
10/1/1965,6%,5%,4%,4%,4%,6%,5%,6%,6%,9%
11/1/1965,4%,4%,1%,3%,4%,5%,6%,4%,6%,9%
12/1/1965,5%,4%,3%,3%,4%,4%,4%,4%,3%,5%
1/1/1966,8%,6%,3%,4%,5%,5%,6%,6%,8%,9%
2/1/1966,3%,0%,1%,1%,2%,2%,3%,3%,4%,9%
3/1/1966,-1%,-1%,-1%,-1%,-2%,-2%,0%,-1%,-2%,1%
4/1/1966,0%,1%,2%,4%,4%,5%,6%,6%,7%,9%
5/1/1966,-8%,-6%,-5%,-5%,-7%,-8%,-9%,-9%,-12%,-16%
6/1/1966,-2%,-1%,-2%,-1%,0%,-2%,-1%,0%,0%,1%
7/1/1966,-2%,0%,-1%,-1%,-1%,-2%,-1%,-2%,-2%,-2%
8/1/1966,-12%,-10%,-8%,-9%,-9%,-10%,-11%,-11%,-12%,-13%
9/1/1966,-2%,-1%,-1%,-2%,-1%,-1%,-2%,-2%,-2%,-3%
10/1/1966,-3%,2%,3%,1%,1%,0%,0%,-2%,-3%,-7%
11/1/1966,5%,3%,1%,1%,2%,4%,3%,3%,6%,9%
12/1/1966,0%,1%,2%,2%,1%,1%,2%,2%,2%,3%
1/1/1967,26%,18%,18%,14%,15%,12%,12%,12%,13%,14%
2/1/1967,6%,4%,3%,3%,4%,3%,3%,2%,5%,6%
3/1/1967,5%,5%,5%,6%,6%,4%,7%,5%,6%,9%
4/1/1967,3%,3%,4%,5%,3%,3%,4%,5%,5%,6%
5/1/1967,-1%,0%,0%,-1%,0%,-2%,-2%,0%,-2%,-2%
6/1/1967,8%,6%,5%,5%,7%,5%,8%,9%,11%,14%
7/1/1967,11%,9%,8%,6%,7%,8%,9%,8%,7%,8%
8/1/1967,2%,1%,3%,1%,2%,0%,1%,1%,1%,-1%
9/1/1967,5%,4%,5%,4%,6%,6%,6%,6%,9%,8%
10/1/1967,-4%,-3%,-3%,-3%,-3%,-3%,-3%,-1%,0%,0%
11/1/1967,1%,-1%,1%,-1%,-1%,1%,1%,1%,-1%,0%
12/1/1967,4%,5%,4%,6%,5%,7%,7%,7%,10%,13%
1/1/1968,2%,1%,3%,1%,4%,3%,2%,3%,2%,3%
2/1/1968,-5%,-3%,-2%,-4%,-4%,-5%,-5%,-6%,-7%,-10%
3/1/1968,-3%,-1%,-2%,0%,0%,-1%,-2%,-1%,0%,-1%
4/1/1968,13%,9%,9%,9%,10%,11%,12%,13%,15%,18%
5/1/1968,7%,5%,7%,7%,6%,7%,8%,8%,10%,15%
6/1/1968,1%,3%,3%,2%,3%,2%,2%,1%,2%,0%
7/1/1968,-5%,-3%,-2%,-4%,-2%,-2%,-2%,-3%,-3%,-2%
8/1/1968,1%,1%,3%,2%,3%,3%,3%,4%,5%,6%
9/1/1968,8%,6%,7%,5%,5%,5%,5%,7%,7%,9%
10/1/1968,0%,1%,2%,1%,2%,1%,2%,0%,2%,-1%
11/1/1968,8%,6%,8%,6%,8%,6%,6%,6%,7%,8%
12/1/1968,-2%,0%,0%,1%,1%,1%,1%,1%,1%,1%
1/1/1969,-1%,1%,0%,-1%,0%,-1%,0%,-1%,0%,-1%
2/1/1969,-11%,-7%,-6%,-7%,-7%,-8%,-9%,-9%,-9%,-12%
3/1/1969,-1%,0%,1%,0%,1%,1%,2%,3%,3%,5%
4/1/1969,-1%,0%,0%,0%,0%,1%,1%,1%,1%,1%
5/1/1969,-1%,0%,0%,0%,2%,0%,0%,1%,0%,2%
6/1/1969,-15%,-13%,-12%,-11%,-10%,-9%,-10%,-10%,-12%,-15%
7/1/1969,-14%,-12%,-10%,-8%,-7%,-8%,-8%,-9%,-10%,-11%
8/1/1969,5%,4%,5%,3%,4%,4%,4%,5%,6%,8%
9/1/1969,-4%,-4%,-3%,-2%,-2%,-3%,-2%,-2%,-1%,-1%
10/1/1969,14%,10%,9%,7%,7%,7%,7%,7%,7%,7%
11/1/1969,-9%,-7%,-7%,-5%,-6%,-6%,-5%,-4%,-3%,-2%
12/1/1969,-14%,-11%,-9%,-9%,-7%,-6%,-4%,-4%,-2%,-2%
1/1/1970,-1%,-1%,-3%,-4%,-5%,-6%,-5%,-6%,-8%,-7%
2/1/1970,3%,3%,4%,4%,5%,5%,5%,5%,6%,4%
3/1/1970,-4%,-3%,-2%,-1%,-1%,0%,-1%,-1%,-3%,-5%
4/1/1970,-23%,-19%,-18%,-17%,-15%,-13%,-12%,-15%,-17%,-19%
5/1/1970,-8%,-10%,-9%,-9%,-11%,-10%,-9%,-10%,-9%,-10%
6/1/1970,-13%,-11%,-9%,-7%,-7%,-7%,-6%,-4%,-2%,-2%
7/1/1970,4%,5%,6%,7%,6%,7%,7%,6%,6%,5%
8/1/1970,9%,9%,6%,6%,5%,5%,5%,4%,3%,3%
9/1/1970,21%,17%,14%,12%,9%,7%,6%,5%,5%,7%
10/1/1970,-15%,-12%,-8%,-5%,-4%,-1%,-1%,-2%,1%,-1%
11/1/1970,-5%,-2%,-1%,0%,2%,2%,4%,4%,4%,4%
12/1/1970,6%,9%,8%,8%,9%,9%,8%,7%,7%,7%
1/1/1971,20%,17%,17%,13%,9%,10%,9%,7%,7%,7%
2/1/1971,8%,4%,4%,3%,4%,3%,3%,2%,2%,5%
3/1/1971,5%,6%,6%,7%,5%,6%,3%,6%,5%,7%
4/1/1971,1%,2%,3%,3%,3%,2%,3%,3%,4%,3%
5/1/1971,-7%,-5%,-5%,-5%,-6%,-4%,-4%,-6%,-5%,-4%
6/1/1971,-5%,-3%,-2%,-3%,-1%,-2%,-2%,-1%,0%,1%
7/1/1971,-7%,-4%,-4%,-4%,-5%,-5%,-5%,-6%,-7%,-8%
8/1/1971,1%,2%,1%,3%,4%,6%,5%,5%,5%,7%
9/1/1971,-4%,-1%,-2%,-1%,-1%,0%,-1%,0%,1%,2%
10/1/1971,-8%,-6%,-6%,-5%,-5%,-5%,-6%,-6%,-6%,-6%
11/1/1971,-5%,-5%,-4%,-3%,-3%,-3%,-3%,-2%,-2%,-2%
12/1/1971,13%,12%,11%,10%,10%,11%,10%,11%,10%,12%
1/1/1972,16%,11%,11%,8%,9%,7%,7%,8%,9%,9%
2/1/1972,5%,4%,1%,3%,3%,3%,7%,5%,5%,6%
3/1/1972,-2%,-1%,-1%,1%,0%,0%,1%,0%,1%,1%
4/1/1972,-3%,0%,-1%,0%,1%,0%,1%,1%,2%,3%
5/1/1972,-5%,-3%,-3%,-2%,-2%,-2%,-1%,-2%,0%,1%
6/1/1972,-5%,-4%,-3%,-3%,-2%,-3%,-4%,-4%,-3%,-3%
7/1/1972,-5%,-3%,-3%,-3%,-3%,-2%,-2%,-3%,-2%,-3%
8/1/1972,1%,4%,2%,3%,2%,2%,1%,1%,1%,-1%
9/1/1972,-6%,-4%,-3%,-2%,-3%,-4%,-2%,-3%,-3%,-3%
10/1/1972,-4%,-3%,-1%,-1%,0%,-1%,0%,-2%,-1%,-1%
11/1/1972,5%,6%,6%,6%,5%,5%,5%,4%,5%,3%
12/1/1972,-7%,-4%,-3%,-2%,-2%,-2%,0%,-1%,0%,2%
1/1/1973,-5%,-4%,-4%,-3%,-4%,-4%,-4%,-5%,-4%,-4%
2/1/1973,-9%,-9%,-9%,-7%,-6%,-6%,-7%,-6%,-7%,-9%
3/1/1973,-5%,-4%,-3%,-2%,-3%,-3%,-3%,-2%,-1%,1%
4/1/1973,-13%,-10%,-8%,-8%,-7%,-6%,-4%,-4%,-4%,-5%
5/1/1973,-13%,-12%,-11%,-11%,-7%,-8%,-6%,-4%,-3%,-4%
6/1/1973,-7%,-5%,-4%,-3%,-4%,-2%,-3%,0%,-2%,-1%
7/1/1973,18%,15%,14%,12%,12%,9%,9%,7%,4%,7%
8/1/1973,-10%,-8%,-5%,-5%,-4%,-3%,-3%,-2%,-2%,-1%
9/1/1973,9%,9%,9%,10%,9%,10%,8%,7%,7%,8%
10/1/1973,-3%,-1%,-2%,1%,1%,0%,1%,0%,3%,5%
11/1/1973,-27%,-24%,-23%,-20%,-19%,-16%,-16%,-15%,-17%,-15%
12/1/1973,-12%,-10%,-6%,-5%,-3%,-2%,-1%,1%,4%,7%
1/1/1974,22%,18%,15%,12%,12%,10%,7%,8%,6%,4%
2/1/1974,-1%,1%,2%,1%,2%,1%,0%,2%,1%,0%
3/1/1974,3%,3%,2%,1%,1%,0%,0%,0%,-1%,-3%
4/1/1974,-7%,-6%,-5%,-5%,-6%,-5%,-5%,-4%,-4%,-5%
5/1/1974,-9%,-8%,-8%,-7%,-7%,-6%,-6%,-7%,-7%,-8%
6/1/1974,-4%,-5%,-4%,-3%,-3%,-3%,-3%,-2%,-2%,-1%
7/1/1974,-8%,-6%,-5%,-5%,-5%,-5%,-6%,-5%,-5%,-4%
8/1/1974,-11%,-9%,-10%,-9%,-9%,-9%,-8%,-7%,-7%,-6%
9/1/1974,-11%,-9%,-10%,-7%,-8%,-7%,-8%,-6%,-7%,-8%
10/1/1974,8%,9%,9%,10%,8%,7%,8%,8%,8%,12%
11/1/1974,-9%,-7%,-5%,-6%,-5%,-5%,-4%,-4%,-3%,-3%
12/1/1974,-11%,-11%,-9%,-7%,-9%,-7%,-7%,-7%,-6%,-6%
1/1/1975,37%,31%,31%,26%,26%,24%,22%,20%,21%,17%
2/1/1975,6%,7%,6%,5%,6%,5%,6%,5%,4%,6%
3/1/1975,14%,10%,9%,5%,5%,6%,5%,6%,7%,7%
4/1/1975,3%,2%,3%,2%,3%,3%,3%,4%,5%,7%
5/1/1975,9%,8%,8%,7%,6%,6%,6%,7%,8%,8%
6/1/1975,9%,6%,7%,7%,7%,8%,7%,7%,6%,7%
7/1/1975,1%,1%,0%,-1%,-1%,-3%,-3%,-1%,-3%,-2%
8/1/1975,-5%,-5%,-4%,-5%,-5%,-5%,-5%,-5%,-6%,-5%
9/1/1975,-4%,-4%,-3%,-4%,-4%,-3%,-3%,-4%,-5%,-4%
10/1/1975,-1%,1%,2%,2%,2%,3%,3%,2%,3%,3%
11/1/1975,1%,2%,1%,2%,2%,2%,3%,2%,2%,3%
12/1/1975,0%,1%,0%,-1%,-1%,0%,0%,-1%,-1%,-2%
1/1/1976,15%,16%,17%,18%,18%,18%,20%,17%,19%,21%
2/1/1976,15%,11%,10%,8%,9%,8%,9%,9%,9%,10%
3/1/1976,2%,2%,1%,1%,2%,3%,2%,3%,3%,2%
4/1/1976,0%,0%,-1%,0%,-1%,0%,-1%,0%,-1%,-2%
5/1/1976,-1%,-1%,-1%,-1%,-1%,-1%,-2%,-2%,-3%,-5%
6/1/1976,2%,3%,4%,3%,3%,3%,3%,3%,4%,3%
7/1/1976,0%,0%,1%,0%,1%,0%,1%,1%,0%,0%
8/1/1976,-3%,-2%,-1%,0%,-1%,-1%,-1%,-1%,-2%,-3%
9/1/1976,1%,1%,2%,1%,3%,2%,3%,2%,2%,2%
10/1/1976,-3%,-1%,-2%,-2%,-2%,-2%,-2%,-2%,-2%,-2%
11/1/1976,1%,1%,2%,3%,3%,3%,3%,3%,4%,4%
12/1/1976,12%,10%,10%,9%,8%,9%,9%,9%,10%,9%
1/1/1977,3%,3%,2%,1%,3%,4%,3%,3%,4%,5%
2/1/1977,0%,0%,0%,0%,0%,-1%,1%,0%,1%,1%
3/1/1977,1%,1%,1%,0%,1%,0%,1%,1%,2%,1%
4/1/1977,1%,0%,1%,1%,2%,2%,2%,3%,2%,3%
5/1/1977,0%,0%,0%,0%,1%,0%,1%,0%,0%,1%
6/1/1977,4%,5%,5%,5%,5%,5%,5%,5%,6%,7%
7/1/1977,2%,0%,1%,1%,1%,1%,1%,1%,1%,1%
8/1/1977,-1%,0%,0%,0%,-1%,-1%,-1%,0%,0%,0%
9/1/1977,0%,0%,1%,1%,1%,1%,2%,1%,2%,2%
10/1/1977,-3%,-2%,-2%,-2%,-3%,-1%,-2%,-2%,-2%,-3%
11/1/1977,7%,6%,6%,6%,6%,6%,6%,8%,8%,8%
12/1/1977,1%,1%,1%,1%,2%,2%,2%,2%,3%,3%
1/1/1978,1%,-1%,-1%,-2%,-2%,-1%,-2%,-2%,-2%,-1%
2/1/1978,1%,3%,1%,3%,2%,2%,2%,3%,4%,3%
3/1/1978,7%,5%,7%,6%,5%,6%,6%,7%,7%,8%
4/1/1978,9%,8%,7%,8%,6%,6%,7%,8%,9%,9%
5/1/1978,8%,7%,5%,5%,4%,4%,6%,7%,7%,9%
6/1/1978,0%,1%,1%,1%,1%,1%,0%,1%,1%,2%
7/1/1978,4%,4%,4%,3%,3%,5%,6%,5%,6%,7%
8/1/1978,9%,6%,7%,6%,7%,8%,8%,8%,10%,12%
9/1/1978,2%,1%,2%,0%,2%,1%,0%,-1%,0%,-1%
10/1/1978,-17%,-14%,-12%,-14%,-15%,-18%,-20%,-21%,-25%,-30%
11/1/1978,0%,2%,2%,2%,3%,3%,5%,5%,6%,8%
12/1/1978,0%,1%,0%,-1%,1%,1%,2%,1%,2%,3%
1/1/1979,12%,8%,9%,8%,8%,7%,8%,8%,9%,10%
2/1/1979,-1%,-2%,-1%,-2%,-2%,-2%,-2%,-2%,-2%,-4%
3/1/1979,9%,7%,6%,6%,6%,7%,8%,8%,9%,10%
4/1/1979,4%,1%,2%,2%,3%,2%,3%,2%,3%,4%
5/1/1979,-1%,-1%,-1%,-1%,0%,0%,-2%,-1%,-1%,-1%
6/1/1979,5%,5%,4%,5%,5%,4%,6%,5%,6%,6%
7/1/1979,2%,2%,3%,3%,3%,2%,3%,2%,2%,2%
8/1/1979,8%,8%,6%,7%,7%,7%,6%,7%,8%,8%
9/1/1979,-2%,-1%,-1%,1%,-1%,-1%,0%,0%,1%,2%
10/1/1979,-12%,-11%,-10%,-9%,-10%,-9%,-9%,-9%,-10%,-10%
11/1/1979,3%,3%,4%,4%,5%,6%,7%,8%,11%,13%
12/1/1979,5%,5%,4%,4%,4%,6%,7%,7%,8%,11%
1/1/1980,10%,8%,6%,7%,6%,8%,10%,11%,12%,13%
2/1/1980,-1%,-2%,-2%,-3%,-2%,-3%,-2%,-1%,0%,3%
3/1/1980,-18%,-13%,-14%,-14%,-15%,-16%,-17%,-20%,-20%,-26%
4/1/1980,4%,6%,5%,5%,4%,4%,6%,5%,6%,7%
5/1/1980,8%,7%,8%,7%,7%,7%,6%,7%,6%,7%
6/1/1980,4%,4%,4%,4%,4%,4%,4%,4%,6%,5%
7/1/1980,9%,8%,8%,7%,7%,7%,9%,10%,11%,12%
8/1/1980,7%,5%,4%,4%,5%,4%,6%,8%,8%,9%
9/1/1980,6%,4%,3%,2%,2%,3%,4%,5%,5%,7%
10/1/1980,3%,1%,0%,1%,2%,3%,3%,5%,7%,8%
11/1/1980,2%,1%,1%,3%,5%,5%,7%,8%,11%,14%
12/1/1980,-3%,-1%,-1%,-2%,-3%,-2%,-2%,-5%,-4%,-6%
1/1/1981,3%,3%,3%,3%,2%,1%,1%,-2%,-2%,-5%
2/1/1981,1%,2%,1%,2%,1%,1%,1%,1%,0%,-1%
3/1/1981,7%,8%,8%,7%,7%,7%,7%,6%,8%,8%
4/1/1981,3%,2%,3%,3%,3%,2%,4%,2%,4%,4%
5/1/1981,1%,1%,1%,2%,2%,3%,2%,3%,3%,6%
6/1/1981,-1%,1%,2%,1%,0%,0%,0%,0%,-2%,-3%
7/1/1981,-2%,-1%,0%,-2%,-1%,-3%,-2%,-2%,-3%,-3%
8/1/1981,-10%,-7%,-5%,-4%,-6%,-6%,-7%,-6%,-8%,-10%
9/1/1981,-13%,-8%,-8%,-8%,-8%,-7%,-8%,-7%,-7%,-9%
10/1/1981,5%,6%,5%,5%,6%,7%,6%,7%,8%,10%
11/1/1981,-3%,2%,2%,3%,4%,3%,5%,3%,3%,3%
12/1/1981,-6%,-3%,-1%,-2%,-1%,0%,-1%,-1%,-2%,-2%
1/1/1982,-1%,-2%,-2%,-2%,-1%,-1%,-1%,-1%,-2%,-2%
2/1/1982,-8%,-5%,-4%,-5%,-3%,-3%,-2%,-2%,-2%,-3%
3/1/1982,-3%,-2%,-1%,-1%,-1%,0%,-1%,1%,0%,0%
4/1/1982,5%,5%,6%,5%,5%,6%,4%,5%,6%,5%
5/1/1982,-5%,-3%,-4%,-3%,-2%,-2%,-2%,-1%,-1%,-1%
6/1/1982,-8%,-5%,-3%,-3%,-2%,-2%,-1%,-1%,-1%,-1%
7/1/1982,-4%,-3%,-3%,-2%,-2%,-2%,0%,0%,0%,0%
8/1/1982,6%,8%,8%,7%,6%,5%,5%,6%,6%,5%
9/1/1982,-2%,2%,3%,3%,4%,5%,5%,4%,5%,7%
10/1/1982,11%,13%,12%,11%,12%,12%,12%,12%,11%,16%
11/1/1982,5%,9%,9%,11%,11%,9%,9%,9%,9%,13%
12/1/1982,3%,2%,2%,1%,1%,2%,2%,2%,2%,3%
1/1/1983,18%,12%,10%,8%,7%,6%,6%,7%,8%,10%
2/1/1983,0%,5%,6%,6%,7%,5%,7%,6%,8%,7%
3/1/1983,5%,5%,5%,5%,4%,5%,5%,6%,5%,6%
4/1/1983,8%,8%,7%,6%,6%,7%,7%,8%,8%,10%
5/1/1983,14%,8%,7%,7%,6%,7%,7%,6%,8%,9%
6/1/1983,5%,5%,3%,4%,4%,5%,3%,6%,6%,5%
7/1/1983,1%,0%,0%,-1%,-1%,-2%,-2%,-2%,-4%,-4%
8/1/1983,-3%,0%,-1%,-2%,-2%,-2%,-2%,-4%,-5%,-6%
9/1/1983,-2%,1%,1%,1%,2%,2%,2%,0%,2%,0%
10/1/1983,-6%,-2%,-2%,-3%,-6%,-5%,-4%,-6%,-5%,-10%
11/1/1983,0%,1%,3%,4%,4%,3%,4%,3%,3%,4%
12/1/1983,-4%,-3%,-1%,-2%,0%,-1%,-1%,-2%,0%,-3%
1/1/1984,3%,2%,0%,0%,1%,1%,-1%,0%,-1%,-1%
2/1/1984,-6%,-5%,-5%,-5%,-5%,-4%,-4%,-5%,-5%,-7%
3/1/1984,-1%,0%,0%,1%,2%,1%,2%,1%,1%,3%
4/1/1984,-4%,-2%,-2%,-2%,-1%,0%,-1%,-1%,0%,-1%
5/1/1984,-7%,-5%,-4%,-5%,-4%,-5%,-4%,-4%,-4%,-4%
6/1/1984,0%,2%,3%,1%,3%,3%,2%,2%,2%,2%
7/1/1984,-8%,-6%,-5%,-4%,-3%,-4%,-3%,-3%,-2%,-2%
8/1/1984,9%,10%,10%,9%,10%,10%,9%,7%,7%,7%
9/1/1984,-2%,0%,-1%,-1%,0%,1%,1%,3%,2%,2%
10/1/1984,-6%,-4%,-2%,-1%,-1%,-1%,0%,1%,1%,0%
11/1/1984,-7%,-4%,-3%,-1%,-2%,-1%,-1%,-1%,-1%,-3%
12/1/1984,-1%,-2%,1%,1%,1%,2%,2%,2%,3%,2%
1/1/1985,17%,14%,12%,11%,10%,10%,9%,8%,8%,8%
2/1/1985,7%,4%,3%,4%,4%,3%,3%,3%,3%,5%
3/1/1985,-2%,-2%,-1%,-1%,0%,0%,0%,0%,0%,0%
4/1/1985,-4%,-2%,-1%,-1%,-1%,0%,0%,1%,1%,1%
5/1/1985,-1%,1%,2%,4%,3%,4%,4%,4%,5%,5%
6/1/1985,-3%,-1%,-1%,1%,2%,2%,2%,2%,3%,3%
7/1/1985,2%,2%,2%,3%,2%,2%,1%,1%,1%,2%
8/1/1985,-1%,0%,0%,0%,0%,0%,0%,0%,1%,0%
9/1/1985,-9%,-7%,-5%,-5%,-4%,-4%,-4%,-4%,-4%,-6%
10/1/1985,-2%,2%,2%,1%,3%,3%,4%,4%,5%,5%
11/1/1985,4%,4%,5%,4%,5%,6%,6%,6%,7%,7%
12/1/1985,1%,4%,3%,3%,3%,4%,4%,4%,3%,4%
1/1/1986,5%,4%,2%,3%,4%,2%,3%,4%,5%,6%
2/1/1986,5%,4%,7%,6%,6%,7%,7%,7%,8%,7%
3/1/1986,3%,4%,5%,5%,5%,5%,7%,5%,6%,5%
4/1/1986,1%,1%,2%,3%,1%,0%,1%,2%,1%,2%
5/1/1986,3%,4%,2%,3%,4%,3%,4%,5%,5%,6%
6/1/1986,-1%,0%,-1%,0%,1%,1%,2%,2%,3%,2%
7/1/1986,-10%,-8%,-7%,-6%,-5%,-6%,-7%,-7%,-7%,-10%
8/1/1986,1%,2%,3%,3%,4%,3%,1%,3%,1%,1%
9/1/1986,-5%,-6%,-5%,-5%,-6%,-6%,-7%,-8%,-7%,-9%
10/1/1986,0%,1%,2%,2%,3%,4%,4%,4%,3%,4%
11/1/1986,-2%,-1%,0%,1%,0%,0%,0%,0%,1%,-2%
12/1/1986,-5%,-4%,-3%,-2%,-3%,-2%,-3%,-3%,-4%,-4%
1/1/1987,14%,10%,9%,10%,10%,10%,11%,11%,10%,12%
2/1/1987,9%,7%,7%,6%,7%,7%,6%,5%,6%,8%
3/1/1987,3%,3%,3%,3%,3%,3%,2%,4%,3%,5%
4/1/1987,-2%,-3%,-2%,-3%,-3%,-3%,-3%,-1%,-2%,0%
5/1/1987,1%,0%,-1%,0%,0%,0%,1%,0%,0%,1%
6/1/1987,2%,2%,2%,4%,4%,3%,3%,3%,2%,2%
7/1/1987,3%,3%,2%,3%,3%,5%,4%,4%,5%,7%
8/1/1987,0%,3%,2%,3%,2%,3%,2%,3%,2%,1%
9/1/1987,-2%,-2%,-1%,-1%,-2%,0%,-1%,-2%,-2%,-1%
10/1/1987,-34%,-28%,-29%,-30%,-30%,-32%,-32%,-33%,-35%,-39%
11/1/1987,-10%,-5%,-4%,-3%,-4%,-5%,-3%,-4%,-4%,-6%
12/1/1987,-3%,2%,4%,4%,4%,5%,4%,7%,5%,7%
1/1/1988,13%,9%,8%,8%,7%,7%,6%,5%,3%,4%
2/1/1988,6%,8%,8%,6%,7%,6%,5%,6%,7%,6%
3/1/1988,4%,3%,3%,3%,3%,2%,3%,3%,4%,4%
4/1/1988,1%,1%,1%,1%,2%,1%,1%,1%,1%,3%
5/1/1988,-3%,-2%,-2%,-2%,-1%,-1%,-1%,0%,-1%,-1%
6/1/1988,4%,5%,6%,5%,4%,5%,5%,6%,5%,5%
7/1/1988,1%,-1%,0%,-1%,0%,0%,-1%,1%,0%,0%
8/1/1988,-3%,-2%,-2%,-2%,-2%,-1%,-2%,-2%,-2%,-2%
9/1/1988,1%,2%,2%,2%,2%,3%,2%,2%,2%,3%
10/1/1988,-5%,-1%,-1%,-1%,-1%,-1%,0%,1%,1%,0%
11/1/1988,-6%,-4%,-2%,-3%,-3%,-4%,-2%,-4%,-3%,-4%
12/1/1988,1%,1%,2%,3%,2%,2%,3%,3%,3%,4%
1/1/1989,8%,5%,5%,5%,5%,5%,5%,6%,6%,6%
2/1/1989,0%,1%,1%,1%,0%,0%,1%,0%,0%,1%
3/1/1989,0%,1%,2%,1%,2%,3%,1%,3%,3%,3%
4/1/1989,2%,3%,3%,3%,3%,3%,4%,4%,4%,4%
5/1/1989,1%,3%,3%,4%,4%,3%,3%,4%,3%,4%
6/1/1989,-2%,-1%,-1%,0%,-1%,0%,0%,-1%,-1%,-2%
7/1/1989,0%,1%,2%,3%,4%,4%,4%,4%,5%,6%
8/1/1989,0%,1%,2%,2%,3%,3%,2%,3%,3%,3%
9/1/1989,-1%,0%,0%,0%,0%,1%,0%,1%,1%,1%
10/1/1989,-7%,-6%,-4%,-4%,-5%,-5%,-4%,-5%,-4%,-6%
11/1/1989,-5%,-3%,-1%,0%,0%,0%,2%,0%,1%,1%
12/1/1989,-6%,-1%,-2%,-1%,0%,0%,1%,0%,1%,0%
1/1/1990,-2%,-5%,-4%,-5%,-5%,-6%,-7%,-6%,-8%,-8%
2/1/1990,3%,2%,0%,1%,1%,2%,2%,2%,2%,3%
3/1/1990,2%,2%,2%,2%,1%,3%,3%,3%,2%,4%
4/1/1990,-3%,-3%,-2%,-3%,-3%,-3%,-4%,-4%,-2%,-1%
5/1/1990,3%,3%,3%,3%,3%,5%,6%,6%,7%,8%
6/1/1990,-1%,1%,0%,0%,1%,0%,1%,0%,1%,2%
7/1/1990,-4%,-5%,-4%,-4%,-2%,-2%,-3%,-2%,-2%,-3%
8/1/1990,-14%,-13%,-11%,-11%,-10%,-10%,-11%,-11%,-12%,-13%
9/1/1990,-12%,-10%,-9%,-9%,-8%,-6%,-5%,-6%,-8%,-9%
10/1/1990,-11%,-9%,-6%,-7%,-5%,-4%,-3%,-3%,-3%,-5%
11/1/1990,4%,4%,3%,5%,4%,4%,5%,3%,4%,3%
12/1/1990,-9%,-1%,0%,0%,3%,2%,1%,3%,2%,1%
1/1/1991,18%,11%,8%,8%,6%,5%,5%,4%,6%,8%
2/1/1991,24%,14%,10%,9%,9%,10%,8%,8%,11%,11%
3/1/1991,13%,8%,5%,5%,5%,5%,5%,7%,9%,10%
4/1/1991,5%,4%,4%,2%,4%,2%,2%,1%,2%,1%
5/1/1991,0%,3%,3%,3%,4%,3%,3%,4%,4%,6%
6/1/1991,-5%,-2%,-3%,-4%,-3%,-3%,-3%,-3%,-4%,-5%
7/1/1991,4%,2%,2%,3%,3%,2%,3%,3%,5%,6%
8/1/1991,2%,3%,2%,2%,2%,2%,3%,4%,5%,5%
9/1/1991,0%,1%,0%,2%,1%,0%,-1%,1%,1%,3%
10/1/1991,2%,0%,1%,2%,1%,1%,2%,2%,3%,6%
11/1/1991,-3%,-3%,-1%,-1%,0%,-2%,-2%,-3%,-2%,-4%
12/1/1991,-3%,1%,3%,3%,3%,4%,6%,6%,6%,9%
1/1/1992,31%,15%,11%,11%,9%,8%,9%,10%,12%,15%
2/1/1992,10%,7%,6%,5%,4%,5%,4%,4%,6%,4%
3/1/1992,-1%,1%,0%,-1%,0%,0%,-2%,-2%,-1%,-3%
4/1/1992,-5%,-3%,-3%,-1%,-1%,-1%,-2%,-2%,-2%,-6%
5/1/1992,1%,2%,0%,0%,2%,0%,0%,2%,1%,-1%
6/1/1992,-6%,-5%,-5%,-3%,-3%,-3%,-3%,-3%,-3%,-5%
7/1/1992,0%,1%,3%,2%,2%,3%,4%,3%,3%,4%
8/1/1992,-4%,-3%,-3%,-2%,-1%,-2%,-2%,-2%,-2%,-4%
9/1/1992,0%,1%,0%,1%,2%,2%,2%,2%,3%,2%
10/1/1992,1%,1%,1%,1%,2%,2%,2%,2%,2%,4%
11/1/1992,8%,7%,6%,6%,6%,6%,6%,6%,8%,8%
12/1/1992,2%,3%,2%,2%,3%,3%,5%,4%,6%,6%
1/1/1993,10%,4%,6%,4%,4%,5%,7%,7%,6%,9%
2/1/1993,-4%,-2%,-2%,-2%,0%,0%,2%,0%,0%,0%
3/1/1993,1%,3%,3%,1%,3%,4%,3%,4%,4%,5%
4/1/1993,-2%,-2%,-3%,-2%,-2%,-2%,-1%,-2%,-2%,-1%
5/1/1993,5%,4%,5%,4%,4%,3%,3%,4%,2%,4%
6/1/1993,0%,0%,1%,3%,0%,2%,1%,3%,3%,2%
7/1/1993,1%,0%,0%,1%,1%,2%,2%,3%,2%,2%
8/1/1993,3%,2%,4%,3%,2%,4%,4%,4%,5%,6%
9/1/1993,1%,2%,1%,2%,4%,2%,4%,3%,4%,5%
10/1/1993,7%,5%,4%,4%,2%,3%,3%,3%,4%,4%
11/1/1993,-2%,-1%,-2%,-2%,-2%,-2%,-3%,-2%,-3%,-4%
12/1/1993,-2%,0%,0%,3%,2%,2%,3%,2%,2%,2%
1/1/1994,8%,5%,4%,4%,3%,4%,3%,4%,5%,5%
2/1/1994,0%,0%,-1%,-1%,0%,-1%,0%,-1%,-1%,-2%
3/1/1994,-4%,-4%,-4%,-4%,-4%,-4%,-4%,-4%,-4%,-7%
4/1/1994,-5%,-1%,0%,-2%,-1%,0%,1%,0%,-1%,0%
5/1/1994,0%,0%,0%,0%,0%,1%,1%,0%,0%,-2%
6/1/1994,-5%,-2%,-3%,-2%,-1%,-1%,-2%,-2%,-1%,-4%
7/1/1994,0%,1%,1%,2%,1%,2%,2%,2%,2%,2%
8/1/1994,4%,4%,3%,4%,4%,3%,4%,4%,4%,4%
9/1/1994,1%,0%,0%,-1%,0%,0%,0%,1%,1%,3%
10/1/1994,-2%,0%,0%,0%,0%,0%,0%,0%,1%,2%
11/1/1994,-7%,-4%,-3%,-3%,-4%,-4%,-4%,-3%,-4%,-4%
12/1/1994,-6%,-3%,-1%,0%,0%,1%,0%,1%,1%,2%
1/1/1995,8%,4%,3%,3%,2%,2%,2%,2%,1%,1%
2/1/1995,2%,3%,3%,3%,3%,3%,3%,4%,4%,4%
3/1/1995,1%,1%,2%,3%,1%,1%,2%,2%,2%,3%
4/1/1995,2%,3%,2%,2%,2%,2%,3%,3%,2%,3%
5/1/1995,1%,2%,4%,2%,2%,2%,2%,2%,2%,2%
6/1/1995,6%,3%,4%,4%,3%,4%,3%,5%,5%,9%
7/1/1995,7%,3%,4%,4%,5%,4%,4%,5%,6%,9%
8/1/1995,4%,3%,2%,5%,4%,4%,4%,4%,4%,3%
9/1/1995,2%,2%,2%,2%,3%,3%,3%,3%,3%,4%
10/1/1995,-10%,-6%,-3%,-3%,-2%,-2%,-2%,-3%,-2%,-5%
11/1/1995,-4%,1%,2%,2%,2%,4%,3%,3%,3%,3%
12/1/1995,-3%,0%,1%,1%,2%,2%,2%,2%,2%,2%
1/1/1996,7%,3%,3%,2%,2%,2%,2%,2%,1%,1%
2/1/1996,6%,3%,3%,3%,2%,2%,3%,3%,4%,4%
3/1/1996,4%,4%,3%,3%,2%,1%,2%,3%,2%,3%
4/1/1996,8%,5%,5%,4%,3%,4%,3%,4%,5%,9%
5/1/1996,9%,8%,6%,5%,4%,5%,4%,5%,7%,8%
6/1/1996,-5%,-2%,-3%,-1%,-2%,-2%,-1%,-2%,-3%,-6%
7/1/1996,-12%,-8%,-6%,-6%,-6%,-6%,-6%,-7%,-7%,-13%
8/1/1996,4%,4%,3%,4%,4%,3%,4%,5%,4%,7%
9/1/1996,1%,2%,3%,3%,3%,3%,3%,3%,3%,6%
10/1/1996,-7%,-4%,-1%,0%,1%,1%,1%,-1%,0%,-2%
11/1/1996,2%,3%,2%,3%,4%,3%,4%,4%,2%,1%
12/1/1996,-7%,0%,1%,1%,2%,2%,1%,2%,1%,1%
1/1/1997,12%,7%,5%,5%,5%,4%,4%,4%,4%,6%
2/1/1997,-3%,-1%,0%,1%,1%,1%,1%,0%,-1%,-6%
3/1/1997,-9%,-4%,-4%,-4%,-3%,-3%,-3%,-4%,-4%,-5%
4/1/1997,-6%,-3%,-2%,-2%,0%,0%,0%,0%,0%,-1%
5/1/1997,10%,10%,8%,8%,7%,7%,7%,8%,7%,9%
6/1/1997,2%,4%,5%,5%,5%,5%,6%,6%,6%,6%
7/1/1997,3%,4%,6%,5%,4%,6%,6%,6%,7%,9%
8/1/1997,5%,3%,2%,2%,2%,2%,5%,2%,3%,4%
9/1/1997,8%,9%,7%,8%,7%,8%,8%,8%,9%,9%
10/1/1997,-3%,-2%,-2%,-2%,-2%,-1%,-1%,-1%,-1%,-5%
11/1/1997,-7%,-2%,0%,0%,1%,1%,1%,1%,0%,-1%
12/1/1997,-14%,-5%,-3%,-1%,0%,1%,3%,2%,2%,0%
1/1/1998,7%,1%,0%,1%,-1%,-1%,0%,-1%,-1%,0%
2/1/1998,6%,6%,6%,7%,6%,6%,6%,6%,7%,6%
3/1/1998,4%,5%,4%,5%,5%,6%,5%,5%,4%,6%
4/1/1998,4%,3%,2%,2%,3%,1%,2%,1%,2%,3%
5/1/1998,-7%,-4%,-4%,-4%,-4%,-3%,-4%,-4%,-4%,-5%
6/1/1998,-8%,-5%,-5%,-3%,-2%,-2%,0%,0%,0%,2%
7/1/1998,-7%,-8%,-8%,-4%,-6%,-6%,-5%,-5%,-4%,-5%
8/1/1998,-29%,-25%,-22%,-20%,-19%,-19%,-17%,-18%,-19%,-25%
9/1/1998,2%,3%,5%,3%,3%,4%,3%,4%,5%,8%
10/1/1998,7%,3%,3%,3%,3%,3%,2%,2%,2%,2%
11/1/1998,10%,9%,7%,8%,7%,5%,6%,6%,5%,10%
12/1/1998,-2%,1%,1%,0%,3%,4%,4%,4%,7%,9%
1/1/1999,17%,9%,6%,3%,2%,1%,0%,1%,3%,8%
2/1/1999,-5%,-6%,-5%,-5%,-5%,-4%,-5%,-6%,-6%,-5%
3/1/1999,1%,-3%,-3%,-2%,-2%,-4%,-3%,0%,-3%,3%
4/1/1999,11%,11%,10%,8%,7%,7%,6%,6%,7%,9%
5/1/1999,7%,6%,4%,4%,3%,3%,2%,2%,2%,1%
6/1/1999,1%,4%,3%,3%,4%,3%,4%,4%,6%,7%
7/1/1999,2%,0%,1%,1%,0%,0%,2%,0%,0%,1%
8/1/1999,-6%,-4%,-3%,-3%,-3%,-3%,-4%,-3%,-2%,-1%
9/1/1999,-4%,-4%,-3%,-3%,-3%,-3%,-3%,0%,-1%,3%
10/1/1999,-6%,-3%,-1%,-1%,1%,1%,0%,0%,0%,4%
11/1/1999,13%,8%,5%,5%,3%,4%,5%,8%,8%,17%
12/1/1999,10%,6%,4%,2%,4%,2%,3%,9%,9%,19%
1/1/2000,16%,6%,2%,1%,3%,4%,1%,1%,7%,7%
2/1/2000,15%,7%,3%,4%,4%,4%,7%,13%,17%,27%
3/1/2000,-1%,2%,3%,2%,2%,3%,3%,4%,3%,-4%
4/1/2000,-12%,-6%,-3%,-1%,-1%,-3%,-4%,-4%,-9%,-19%
5/1/2000,-9%,-4%,-3%,-2%,-2%,-2%,-2%,-3%,-4%,-13%
6/1/2000,3%,3%,1%,1%,1%,1%,2%,5%,8%,20%
7/1/2000,-3%,-2%,0%,0%,0%,1%,2%,1%,-2%,-7%
8/1/2000,5%,4%,4%,4%,4%,4%,4%,5%,8%,13%
9/1/2000,-13%,-6%,-4%,-1%,0%,0%,-1%,-1%,-3%,-5%
10/1/2000,-12%,-7%,-4%,-3%,-3%,-2%,-4%,-4%,-4%,-10%
11/1/2000,-26%,-12%,-8%,-7%,-4%,-6%,-8%,-8%,-10%,-21%
12/1/2000,-16%,-4%,-1%,3%,3%,2%,3%,3%,5%,5%
1/1/2001,50%,27%,18%,13%,11%,8%,8%,6%,5%,4%
2/1/2001,-18%,-7%,-4%,-2%,-2%,-1%,-2%,-3%,-2%,-6%
3/1/2001,-16%,-6%,-2%,-1%,-3%,-1%,-2%,-2%,-2%,-1%
4/1/2001,11%,8%,5%,5%,5%,5%,4%,4%,5%,8%
5/1/2001,7%,7%,7%,5%,7%,5%,7%,6%,5%,7%
6/1/2001,-2%,2%,3%,3%,2%,3%,3%,3%,3%,3%
7/1/2001,-10%,-2%,-2%,-1%,0%,1%,1%,2%,1%,1%
8/1/2001,-9%,-4%,-2%,-1%,-1%,0%,-1%,-1%,-1%,-3%
9/1/2001,-23%,-17%,-15%,-11%,-9%,-9%,-9%,-9%,-8%,-9%
10/1/2001,16%,6%,5%,6%,4%,4%,2%,4%,3%,7%
11/1/2001,14%,6%,7%,5%,6%,5%,6%,5%,4%,6%
12/1/2001,9%,6%,7%,5%,6%,5%,4%,6%,5%,6%
1/1/2002,1%,-1%,1%,1%,3%,1%,2%,3%,4%,3%
2/1/2002,-13%,-4%,-2%,0%,-2%,0%,1%,-1%,0%,-2%
3/1/2002,10%,9%,7%,7%,7%,7%,7%,6%,8%,8%
4/1/2002,-6%,-1%,-1%,0%,1%,2%,3%,3%,3%,1%
5/1/2002,-9%,-4%,-2%,-1%,-1%,-2%,1%,-1%,0%,0%
6/1/2002,-17%,-10%,-7%,-7%,-5%,-3%,-3%,-3%,-2%,-3%
7/1/2002,-18%,-13%,-14%,-11%,-12%,-10%,-8%,-9%,-9%,-13%
8/1/2002,1%,-2%,-2%,1%,0%,0%,1%,1%,1%,0%
9/1/2002,-18%,-13%,-10%,-9%,-7%,-6%,-5%,-5%,-5%,-5%
10/1/2002,10%,3%,3%,3%,1%,4%,4%,3%,4%,5%
11/1/2002,28%,15%,13%,8%,6%,4%,5%,4%,3%,5%
12/1/2002,-16%,-9%,-4%,-6%,-3%,-1%,-1%,0%,0%,0%
1/1/2003,2%,0%,-2%,-1%,-2%,0%,0%,0%,0%,1%
2/1/2003,-5%,-4%,-3%,-3%,-3%,-2%,-2%,-1%,-1%,-1%
3/1/2003,2%,0%,-1%,0%,0%,1%,1%,0%,2%,3%
4/1/2003,17%,12%,10%,11%,8%,6%,7%,6%,6%,7%
5/1/2003,28%,19%,13%,12%,10%,10%,9%,8%,8%,8%
6/1/2003,11%,5%,5%,4%,4%,4%,2%,4%,4%,4%
7/1/2003,8%,8%,7%,6%,7%,6%,4%,6%,6%,9%
8/1/2003,5%,5%,5%,4%,4%,4%,5%,6%,5%,6%
9/1/2003,7%,2%,0%,1%,1%,1%,0%,2%,2%,3%
10/1/2003,8%,6%,6%,7%,7%,7%,8%,8%,8%,11%
11/1/2003,2%,4%,3%,3%,4%,3%,3%,4%,4%,5%
12/1/2003,6%,5%,4%,5%,4%,3%,3%,2%,3%,2%
1/1/2004,9%,4%,5%,4%,6%,4%,4%,6%,8%,10%
2/1/2004,1%,2%,2%,2%,1%,1%,1%,2%,1%,0%
3/1/2004,0%,0%,1%,1%,1%,0%,0%,1%,1%,-1%
4/1/2004,-2%,-1%,-2%,-1%,-1%,-3%,-3%,-4%,-4%,-7%
5/1/2004,-3%,0%,0%,1%,1%,0%,0%,1%,0%,1%
6/1/2004,1%,1%,3%,2%,3%,3%,2%,3%,4%,3%
7/1/2004,-10%,-6%,-4%,-6%,-4%,-4%,-5%,-7%,-7%,-9%
8/1/2004,-3%,0%,0%,-1%,-1%,0%,-1%,-1%,-1%,-3%
9/1/2004,3%,2%,3%,3%,3%,4%,4%,5%,6%,7%
10/1/2004,2%,2%,2%,3%,2%,2%,1%,3%,2%,1%
11/1/2004,12%,7%,7%,6%,7%,7%,8%,8%,8%,9%
12/1/2004,10%,6%,5%,4%,4%,4%,3%,3%,4%,6%
1/1/2005,-8%,-3%,-3%,-2%,-2%,-2%,-2%,-2%,-1%,-2%
2/1/2005,-1%,0%,0%,1%,2%,1%,2%,2%,3%,5%
3/1/2005,-6%,-2%,-1%,-2%,-2%,-2%,-2%,-2%,-3%,-3%
4/1/2005,-10%,-5%,-5%,-3%,-4%,-4%,-4%,-5%,-5%,-8%
5/1/2005,5%,4%,4%,4%,4%,5%,4%,5%,5%,7%
6/1/2005,3%,3%,3%,3%,3%,2%,4%,4%,3%,5%
7/1/2005,8%,7%,5%,5%,4%,5%,6%,6%,6%,8%
8/1/2005,-3%,-1%,-1%,-1%,-2%,-1%,0%,-1%,0%,0%
9/1/2005,0%,0%,0%,0%,0%,2%,1%,1%,2%,3%
10/1/2005,-6%,-3%,-2%,-2%,-1%,-3%,-2%,-2%,-3%,-5%
11/1/2005,4%,3%,3%,3%,4%,4%,3%,5%,3%,5%
12/1/2005,1%,1%,0%,0%,1%,0%,0%,1%,2%,1%
1/1/2006,10%,7%,6%,6%,6%,4%,6%,6%,9%,12%
2/1/2006,1%,0%,1%,1%,1%,1%,2%,1%,0%,-2%
3/1/2006,4%,4%,3%,3%,3%,4%,5%,4%,5%,5%
4/1/2006,1%,1%,0%,1%,0%,0%,0%,1%,1%,1%
5/1/2006,-6%,-3%,-4%,-3%,-3%,-3%,-4%,-5%,-6%,-9%
6/1/2006,-3%,-2%,-1%,-1%,0%,0%,1%,0%,0%,-2%
7/1/2006,-6%,-4%,-2%,-2%,-2%,-2%,-2%,-3%,-3%,-6%
8/1/2006,3%,4%,3%,2%,2%,1%,2%,2%,1%,1%
9/1/2006,0%,1%,1%,1%,1%,1%,2%,1%,1%,1%
10/1/2006,6%,5%,4%,5%,4%,4%,5%,3%,5%,6%
11/1/2006,3%,3%,3%,2%,3%,2%,2%,3%,2%,3%
12/1/2006,1%,0%,1%,0%,1%,2%,2%,1%,1%,3%
1/1/2007,3%,3%,2%,1%,2%,2%,2%,3%,2%,4%
2/1/2007,0%,1%,0%,0%,0%,1%,1%,0%,-1%,-1%
3/1/2007,-2%,0%,0%,0%,1%,1%,1%,1%,2%,2%
4/1/2007,3%,2%,2%,2%,3%,2%,2%,3%,3%,3%
5/1/2007,1%,3%,2%,3%,3%,4%,3%,3%,2%,2%
6/1/2007,-1%,-1%,-1%,0%,0%,-1%,0%,-1%,-1%,-1%
7/1/2007,-6%,-6%,-6%,-5%,-5%,-5%,-4%,-3%,-4%,-5%
8/1/2007,-4%,0%,1%,0%,-1%,0%,-1%,-1%,1%,0%
9/1/2007,-1%,0%,1%,0%,1%,2%,2%,2%,4%,5%
10/1/2007,-2%,-2%,0%,1%,1%,2%,2%,4%,3%,5%
11/1/2007,-15%,-9%,-7%,-6%,-7%,-6%,-6%,-7%,-8%,-9%
12/1/2007,-4%,-3%,-3%,-2%,-2%,-2%,0%,1%,0%,2%
1/1/2008,1%,-3%,-5%,-4%,-5%,-5%,-8%,-7%,-10%,-12%
2/1/2008,-5%,-4%,-4%,-4%,-2%,-2%,-2%,-1%,0%,-1%
3/1/2008,-7%,-3%,-3%,0%,-1%,1%,-1%,-1%,-1%,-2%
4/1/2008,0%,3%,1%,3%,2%,3%,2%,3%,3%,6%
5/1/2008,3%,2%,3%,2%,4%,4%,3%,3%,3%,7%
6/1/2008,-15%,-14%,-13%,-11%,-10%,-9%,-8%,-7%,-5%,-2%
7/1/2008,-1%,1%,2%,2%,2%,3%,2%,3%,1%,-5%
8/1/2008,3%,2%,3%,3%,3%,3%,3%,2%,1%,-1%
9/1/2008,-17%,-13%,-10%,-10%,-9%,-9%,-7%,-8%,-11%,-18%
10/1/2008,-29%,-29%,-25%,-24%,-23%,-20%,-19%,-18%,-20%,-24%
11/1/2008,-22%,-19%,-18%,-15%,-13%,-14%,-11%,-9%,-10%,-12%
12/1/2008,3%,4%,4%,3%,3%,2%,4%,3%,3%,2%
1/1/2009,7%,0%,-6%,-7%,-6%,-7%,-7%,-6%,-8%,-11%
2/1/2009,-15%,-16%,-11%,-13%,-11%,-10%,-10%,-11%,-12%,-12%
3/1/2009,27%,17%,11%,10%,10%,9%,6%,9%,6%,7%
4/1/2009,37%,32%,27%,20%,18%,14%,13%,12%,7%,6%
5/1/2009,22%,16%,12%,10%,5%,6%,5%,5%,4%,3%
6/1/2009,5%,3%,3%,2%,2%,3%,3%,3%,4%,4%
7/1/2009,9%,11%,10%,11%,8%,9%,5%,7%,8%,6%
8/1/2009,23%,12%,5%,7%,4%,3%,3%,1%,2%,1%
9/1/2009,14%,8%,7%,6%,6%,5%,5%,5%,4%,5%
10/1/2009,-12%,-7%,-5%,-5%,-5%,-4%,-5%,-5%,-5%,-9%
11/1/2009,-2%,2%,2%,2%,2%,3%,2%,2%,5%,4%
12/1/2009,6%,6%,7%,5%,5%,6%,7%,8%,7%,8%
1/1/2010,4%,0%,-1%,-2%,-1%,-1%,-3%,-2%,-3%,-2%
2/1/2010,1%,3%,3%,3%,3%,4%,4%,5%,7%,7%
3/1/2010,7%,6%,8%,8%,8%,7%,7%,8%,9%,10%
4/1/2010,11%,6%,6%,5%,5%,5%,6%,7%,8%,11%
5/1/2010,-11%,-7%,-7%,-7%,-7%,-7%,-8%,-7%,-8%,-11%
6/1/2010,-11%,-6%,-6%,-5%,-6%,-6%,-8%,-8%,-9%,-12%
7/1/2010,5%,5%,6%,6%,6%,5%,6%,6%,7%,8%
8/1/2010,-8%,-8%,-6%,-7%,-6%,-6%,-6%,-5%,-6%,-9%
9/1/2010,10%,10%,10%,9%,10%,9%,9%,11%,11%,13%
10/1/2010,4%,4%,4%,4%,3%,3%,5%,5%,4%,4%
11/1/2010,-2%,3%,4%,2%,2%,3%,3%,3%,4%,4%
12/1/2010,11%,9%,7%,8%,7%,8%,7%,7%,7%,7%
1/1/2011,5%,2%,1%,2%,1%,2%,1%,1%,2%,1%
2/1/2011,2%,4%,4%,5%,4%,4%,5%,5%,4%,5%
3/1/2011,-3%,1%,1%,3%,2%,2%,2%,3%,4%,3%
4/1/2011,-1%,1%,2%,2%,2%,3%,2%,3%,2%,1%
5/1/2011,-4%,-2%,-1%,-2%,-1%,-1%,-2%,-2%,-1%,-2%
6/1/2011,-6%,-2%,-2%,-2%,-1%,-2%,-1%,-2%,-1%,-2%
7/1/2011,-1%,-3%,-3%,-3%,-2%,-4%,-3%,-3%,-2%,-3%
8/1/2011,-13%,-11%,-7%,-7%,-7%,-7%,-8%,-9%,-10%,-11%
9/1/2011,-14%,-9%,-8%,-9%,-10%,-10%,-10%,-11%,-14%,-16%
10/1/2011,10%,10%,12%,11%,11%,12%,11%,11%,13%,15%
11/1/2011,-7%,-3%,-2%,-1%,-1%,1%,0%,0%,0%,0%
12/1/2011,-3%,0%,1%,1%,0%,1%,1%,0%,1%,0%
1/1/2012,15%,11%,10%,8%,8%,6%,5%,5%,4%,6%
2/1/2012,5%,5%,4%,3%,3%,4%,3%,3%,3%,4%
3/1/2012,2%,3%,3%,4%,3%,3%,4%,3%,3%,4%
4/1/2012,-4%,-4%,-1%,-1%,-2%,-1%,-1%,0%,1%,0%
5/1/2012,-12%,-9%,-8%,-7%,-5%,-5%,-6%,-5%,-5%,-6%
6/1/2012,2%,5%,4%,4%,4%,3%,4%,3%,4%,4%
7/1/2012,-2%,-2%,-3%,-1%,-1%,0%,0%,-1%,0%,0%
8/1/2012,2%,4%,3%,3%,3%,2%,2%,2%,2%,4%
9/1/2012,6%,4%,4%,3%,2%,4%,3%,3%,3%,3%
10/1/2012,-4%,-2%,-2%,-2%,-1%,-2%,-1%,-1%,-1%,0%
11/1/2012,0%,0%,1%,1%,0%,0%,0%,1%,0%,1%
12/1/2012,3%,3%,3%,3%,4%,3%,2%,2%,2%,1%
1/1/2013,9%,6%,6%,7%,5%,7%,7%,7%,7%,9%
2/1/2013,0%,0%,1%,2%,1%,1%,2%,1%,2%,1%
3/1/2013,3%,3%,4%,4%,4%,4%,4%,5%,5%,7%
4/1/2013,-2%,0%,0%,0%,0%,0%,0%,1%,0%,1%
5/1/2013,6%,6%,6%,3%,4%,3%,4%,4%,5%,4%
6/1/2013,-2%,0%,1%,0%,1%,0%,1%,1%,0%,-1%
7/1/2013,10%,6%,6%,6%,7%,7%,7%,7%,7%,8%
8/1/2013,-1%,-2%,-3%,-2%,-2%,-2%,-2%,-2%,-2%,-3%
9/1/2013,7%,4%,3%,5%,5%,6%,6%,6%,6%,7%
10/1/2013,1%,3%,2%,3%,4%,3%,4%,4%,3%,2%
11/1/2013,4%,3%,5%,4%,5%,4%,4%,5%,5%,5%
12/1/2013,3%,3%,3%,2%,2%,2%,3%,2%,4%,3%
1/1/2014,5%,0%,0%,-2%,-1%,-3%,-3%,-1%,-2%,1%
2/1/2014,5%,3%,3%,3%,4%,5%,4%,6%,5%,6%
3/1/2014,-1%,2%,1%,1%,1%,1%,0%,1%,0%,-2%
4/1/2014,-5%,-3%,-2%,-1%,-3%,-3%,-3%,-2%,-4%,-8%
5/1/2014,-1%,-1%,2%,1%,1%,1%,1%,0%,0%,-1%
6/1/2014,5%,4%,3%,4%,5%,3%,4%,4%,5%,5%
7/1/2014,-6%,-5%,-4%,-3%,-4%,-4%,-5%,-4%,-5%,-6%
8/1/2014,4%,3%,4%,3%,5%,4%,4%,4%,4%,6%
9/1/2014,-10%,-5%,-4%,-3%,-5%,-3%,-4%,-4%,-4%,-4%
10/1/2014,-2%,4%,5%,6%,5%,5%,4%,3%,3%,2%
11/1/2014,-3%,-2%,0%,0%,1%,1%,0%,1%,2%,1%
12/1/2014,0%,2%,2%,2%,2%,2%,2%,3%,2%,1%
1/1/2015,-6%,-4%,-5%,-5%,-3%,-3%,-3%,-2%,-1%,-1%
2/1/2015,10%,7%,7%,5%,6%,6%,6%,5%,4%,5%
3/1/2015,-5%,-1%,0%,1%,1%,1%,1%,2%,1%,2%
4/1/2015,8%,1%,0%,0%,-1%,-1%,-1%,-2%,-2%,-4%
5/1/2015,-3%,-2%,0%,0%,1%,1%,3%,1%,3%,5%
6/1/2015,-4%,-1%,1%,0%,0%,0%,0%,1%,1%,1%
7/1/2015,-15%,-8%,-4%,-1%,-1%,0%,0%,1%,1%,1%
8/1/2015,-2%,-6%,-3%,-5%,-4%,-4%,-4%,-5%,-5%,-7%
9/1/2015,-15%,-9%,-8%,-5%,-3%,-3%,-2%,-2%,-2%,-7%
10/1/2015,5%,6%,6%,6%,6%,5%,5%,4%,6%,5%
11/1/2015,4%,1%,2%,1%,2%,2%,3%,3%,2%,3%
12/1/2015,-10%,-6%,-6%,-5%,-4%,-3%,-3%,-3%,-3%,-4%
1/1/2016,-14%,-12%,-10%,-10%,-8%,-8%,-8%,-6%,-7%,-12%
2/1/2016,0%,2%,1%,4%,1%,1%,0%,-1%,-1%,-1%
3/1/2016,15%,10%,9%,8%,7%,7%,6%,6%,5%,5%
4/1/2016,10%,6%,4%,3%,2%,3%,2%,2%,2%,2%
5/1/2016,-4%,1%,0%,1%,1%,1%,2%,1%,2%,1%
6/1/2016,1%,-2%,-2%,-2%,-2%,0%,0%,0%,1%,1%
7/1/2016,8%,8%,4%,6%,6%,5%,4%,4%,4%,5%
8/1/2016,4%,2%,2%,1%,3%,2%,1%,2%,1%,0%
9/1/2016,5%,3%,0%,2%,1%,1%,1%,1%,3%,2%
10/1/2016,-12%,-5%,-4%,-3%,-2%,-3%,-3%,-4%,-4%,-7%
11/1/2016,6%,9%,11%,9%,9%,9%,10%,8%,9%,10%
12/1/2016,-1%,2%,3%,3%,3%,4%,4%,3%,2%,1%
1/1/2017,4%,2%,2%,1%,1%,1%,0%,1%,0%,2%
2/1/2017,2%,3%,2%,2%,2%,2%,1%,2%,1%,0%
3/1/2017,0%,2%,0%,1%,1%,0%,0%,1%,0%,0%
4/1/2017,-3%,1%,0%,3%,1%,1%,1%,1%,1%,0%
5/1/2017,-7%,-1%,0%,-1%,-1%,0%,-1%,-1%,-2%,-1%
6/1/2017,7%,3%,2%,3%,3%,3%,3%,3%,4%,3%
7/1/2017,-2%,-2%,1%,1%,0%,0%,0%,0%,1%,1%
8/1/2017,-4%,-4%,-2%,-1%,-2%,0%,-1%,-1%,-1%,0%
9/1/2017,11%,6%,6%,6%,6%,7%,6%,5%,7%,6%
10/1/2017,-3%,-3%,0%,2%,0%,0%,2%,2%,2%,1%
11/1/2017,5%,5%,4%,3%,3%,3%,3%,3%,2%,3%
12/1/2017,3%,2%,0%,0%,0%,0%,1%,0%,1%,2%
1/1/2018,3%,2%,2%,4%,3%,3%,3%,4%,4%,4%
2/1/2018,-7%,-5%,-4%,-4%,-3%,-4%,-4%,-3%,-3%,-3%
3/1/2018,1%,0%,1%,1%,2%,2%,1%,0%,1%,0%
4/1/2018,1%,1%,1%,1%,1%,0%,0%,0%,1%,1%
5/1/2018,5%,4%,4%,3%,3%,4%,4%,5%,6%,9%
6/1/2018,1%,1%,2%,0%,1%,0%,0%,1%,1%,1%
7/1/2018,-3%,1%,2%,0%,2%,3%,1%,1%,2%,1%
8/1/2018,1%,2%,3%,2%,3%,4%,3%,3%,5%,8%
9/1/2018,-1%,-3%,-1%,-1%,-2%,-3%,-1%,-1%,-2%,-2%
10/1/2018,-15%,-11%,-9%,-8%,-8%,-8%,-9%,-9%,-11%,-13%
11/1/2018,-3%,0%,1%,1%,1%,0%,1%,1%,-1%,-2%
12/1/2018,-25%,-15%,-14%,-14%,-11%,-11%,-10%,-10%,-11%,-13%
1/1/2019,24%,18%,13%,12%,9%,8%,8%,8%,8%,11%
2/1/2019,6%,5%,4%,6%,5%,4%,5%,4%,4%,5%
3/1/2019,0%,-4%,-2%,-3%,-2%,-3%,-1%,-1%,0%,-1%
4/1/2019,1%,3%,3%,5%,3%,4%,2%,2%,2%,2%
5/1/2019,-14%,-13%,-9%,-9%,-8%,-7%,-6%,-7%,-6%,-5%
6/1/2019,3%,5%,8%,6%,6%,6%,7%,6%,7%,7%
7/1/2019,-6%,0%,-1%,-1%,0%,0%,1%,0%,0%,2%
8/1/2019,-7%,-7%,-9%,-7%,-5%,-5%,-3%,-2%,-3%,-3%
9/1/2019,4%,4%,4%,4%,4%,3%,3%,1%,-1%,-4%
10/1/2019,-5%,0%,0%,1%,1%,2%,1%,2%,1%,2%
11/1/2019,2%,5%,4%,3%,4%,4%,4%,2%,5%,5%
12/1/2019,11%,5%,4%,3%,4%,3%,4%,3%,2%,4%
1/1/2020,1%,-2%,-1%,-5%,-3%,-3%,-3%,-2%,-1%,0%
2/1/2020,-4%,-10%,-7%,-9%,-9%,-9%,-9%,-9%,-8%,-7%
3/1/2020,-30%,-28%,-29%,-25%,-26%,-24%,-22%,-24%,-21%,-23%
4/1/2020,31%,20%,17%,15%,12%,12%,12%,13%,15%,18%
5/1/2020,12%,11%,8%,7%,5%,5%,5%,4%,7%,10%
6/1/2020,12%,12%,6%,5%,5%,2%,2%,3%,3%,8%
7/1/2020,6%,3%,1%,1%,2%,5%,4%,9%,5%,6%
8/1/2020,5%,5%,6%,5%,5%,4%,4%,5%,2%,3%
9/1/2020,-8%,-4%,-4%,-2%,-4%,-3%,-2%,-3%,-1%,-1%
10/1/2020,-1%,3%,4%,3%,1%,1%,2%,2%,1%,-1%
11/1/2020,33%,21%,18%,17%,16%,17%,13%,16%,14%,18%
12/1/2020,15%,12%,9%,9%,7%,6%,7%,6%,8%,8%
1/1/2021,25%,7%,6%,6%,5%,6%,3%,6%,13%,19%
2/1/2021,13%,10%,10%,8%,9%,8%,9%,6%,9%,5%
3/1/2021,1%,6%,6%,3%,5%,3%,4%,2%,1%,-2%
4/1/2021,-2%,1%,1%,3%,3%,3%,2%,6%,2%,0%
5/1/2021,-1%,1%,1%,2%,3%,2%,1%,4%,4%,2%
6/1/2021,4%,3%,2%,2%,1%,0%,1%,1%,2%,8%
7/1/2021,-7%,-1%,-1%,1%,-1%,-2%,-3%,-2%,-5%,-9%
8/1/2021,2%,2%,2%,3%,2%,2%,2%,2%,3%,3%
9/1/2021,-3%,-3%,-4%,-3%,-3%,-3%,-1%,-1%,-2%,-3%
10/1/2021,-2%,3%,4%,3%,4%,4%,3%,4%,5%,2%
11/1/2021,-12%,-6%,-3%,-2%,-3%,-3%,-2%,-5%,-5%,-7%
12/1/2021,-5%,3%,4%,3%,3%,3%,3%,3%,1%,-3%
1/1/2022,-14%,-8%,-6%,-6%,-6%,-4%,-7%,-5%,-8%,-12%
2/1/2022,-4%,0%,1%,0%,2%,1%,0%,0%,1%,4%
3/1/2022,3%,1%,0%,1%,1%,2%,1%,2%,2%,3%
4/1/2022,-23%,-12%,-9%,-7%,-6%,-7%,-7%,-7%,-8%,-7%
5/1/2022,-8%,-3%,1%,-1%,0%,0%,0%,0%,0%,3%
6/1/2022,-4%,-8%,-9%,-8%,-8%,-6%,-5%,-7%,-8%,-14%
7/1/2022,7%,10%,8%,9%,8%,9%,6%,7%,6%,10%
8/1/2022,2%,-1%,-2%,-1%,-1%,-2%,-3%,-1%,0%,2%
9/1/2022,-17%,-12%,-11%,-12%,-10%,-9%,-5%,-8%,-8%,-12%
10/1/2022,1%,7%,9%,9%,9%,9%,7%,10%,10%,12%
11/1/2022,-5%,1%,3%,4%,4%,4%,5%,2%,2%,0%
12/1/2022,-10%,-7%,-5%,-5%,-3%,-4%,-3%,-5%,-5%,-5%
1/1/2023,27%,17%,15%,11%,9%,8%,4%,5%,5%,4%
2/1/2023,-10%,-4%,-3%,-1%,-2%,-1%,-1%,-1%,-1%,-2%
3/1/2023,-13%,-7%,-6%,-6%,-5%,-3%,-2%,-4%,-3%,-4%
4/1/2023,-3%,-2%,-3%,-3%,-1%,-2%,1%,-1%,-2%,-1%
